"id","city","office","candidate","party","topics","summary","policy_argument","concrete_proposals","related_statements","published_date","source_title","source_url","source_type","last_verified","proposer_role","content_nature","role_evidence","correction_log","related_sources","policy_argument_sources","concrete_proposal_sources","related_statement_sources","publish_id","editor_notes","review_status","policy_title"
"candidate-chiayi-mayor-tsai-yi-yu-forestry-culture-001","嘉義縣","縣市長","蔡易餘","民主進步黨","林業文化|鐵道文化|文化觀光|地方文化","要以「觀光為Plus加分」概念串聯山海資源。","要以「觀光為Plus加分」概念串聯山海資源。","要以「觀光為Plus加分」概念串聯山海資源，發展布袋、東石漁港特色觀光，行駛阿里山林鐵區間車推廣大阿里山區林業文化……","","2026-01-04","綠嘉義縣長初選政見會 蔡易餘提邁向下個黃金10年","https://www.cna.com.tw/news/aipl/202601040117.aspx","新聞報導","2026-10-10","候選人","本屆競選政見","候選人官方頁、政黨頁或候選人具名新聞來源","2026-10-02｜已依中選會登記名冊核對蔡易餘為嘉義縣縣市長民主進步黨候選人；中央社報導其在2026年嘉義縣長提名政見會提出阿里山林鐵區間車與林業文化推廣措施。來源未提供預算與期程，已在條目中註明。||2026-10-10｜依原文修正。","","綠嘉義縣長初選政見會 蔡易餘提邁向下個黃金10年::https://www.cna.com.tw/news/aipl/202601040117.aspx","綠嘉義縣長初選政見會 蔡易餘提邁向下個黃金10年::https://www.cna.com.tw/news/aipl/202601040117.aspx","綠嘉義縣長初選政見會 蔡易餘提邁向下個黃金10年::https://www.cna.com.tw/news/aipl/202601040117.aspx","","未載明：營運班次、文化詮釋內容、觀光路線經費、期程、跨機關分工","人工審核",""
"candidate-npc-councilor-chen-jun-yen-old-new-banqiao-001","新北市","縣市議員","陳俊諺","民主進步黨","地方文化|歷史文化|閒置空間再利用|藝文空間|文化活動|青年","陳俊諺提出「古今板橋文化生活圈」，以人文歷史、數位科技與商圈經濟為核心，規劃將閒置空間轉型為青創基地和藝文工作室，並串聯古蹟、商圈與市集及音樂展演。","以閒置空間再利用及古蹟、商圈、展演串聯，讓板橋的歷史文化結合青年創業與日常文化活動。","盤點閒置空間並轉型為青創基地和藝文工作室。||串聯古蹟與周邊商圈。||舉辦市集、音樂展演等活動。","","2026-09-01","民進黨在地子弟陳俊諺登記 提六大安心政見改革板橋","https://udn.com/news/story/124652/9727600","新聞報導","2026-10-02","候選人","本屆競選政見","候選人具名新聞來源","2026-10-02｜已依中選會登記名冊核對陳俊諺為新北市第5選舉區縣市議員民主進步黨候選人；聯合報報導其完成登記並提出古今板橋文化生活圈。來源未提供場址、預算、期程與執行機制，已在條目中註明。","","民進黨在地子弟陳俊諺登記 提六大安心政見改革板橋::https://udn.com/news/story/124652/9727600","民進黨在地子弟陳俊諺登記 提六大安心政見改革板橋::https://udn.com/news/story/124652/9727600","民進黨在地子弟陳俊諺登記 提六大安心政見改革板橋::https://udn.com/news/story/124652/9727600","","未載明：盤點範圍、轉型場址、經費、期程、主責機關、文化保存機制","AI初審待複核",""
"candidate-miaoli-mayor-chen-pin-an-hakka-culture-001","苗栗縣","縣市長","陳品安","民主進步黨","客家文化|地方文化|文化傳承|文化參與","未來將持續推動更多貼近生活、扎根地方的文化行動。","讓客庄文化更能持續融入現代生活。","未來將持續推動更多貼近生活、扎根地方的文化行動，讓客庄文化更能持續融入現代生活，深化臺灣多元族群文化的基石。","","2026-06-07","客庄午後香包製造所登場","https://www.dpp.org.tw/content_print/media/11615","候選人原文","2026-10-10","候選人","本屆競選政見","候選人官方頁、政黨頁或候選人具名新聞來源","2026-10-02｜已依中選會登記名冊核對苗栗縣縣市長候選人身分；民進黨官方新聞稿具名記載候選人未來文化承諾。措施尚未提供預算與期程，已在條目中註明。||2026-10-10｜依原文修正。","","客庄午後香包製造所登場::https://www.dpp.org.tw/content_print/media/11615","客庄午後香包製造所登場::https://www.dpp.org.tw/content_print/media/11615","客庄午後香包製造所登場::https://www.dpp.org.tw/content_print/media/11615","","未載明：預算、期程、執行機制","AI初審待複核",""
"candidate-pingtung-mayor-su-ching-chuan-ritual-center-001","屏東縣","縣市長","蘇清泉","中國國民黨","原住民族文化|文化場館|祭儀文化","若未來順利就任屏東縣長，將立即推動相關工程。","全力支持這項地方建設。","若未來順利就任屏東縣長，將立即推動相關工程。","","2026-08-23","獅子鄉小米收穫祭熱鬧登場","https://news.m.pchome.com.tw/living/newstaiwandigi/20260823/index-78745508175417279009.html","新聞報導","2026-10-10","候選人","本屆競選政見","候選人官方頁、政黨頁或候選人具名新聞來源","2026-10-02｜已依中選會登記名冊核對屏東縣縣市長候選人身分；報導具名記載候選人承諾當選後立即推動工程。地方提出的計畫預算約1200萬元，非候選人已承諾之預算。||2026-10-03｜依資料稽核修正與內容不符的細標籤。||2026-10-10｜依原文修正。","","獅子鄉小米收穫祭熱鬧登場::https://news.m.pchome.com.tw/living/newstaiwandigi/20260823/index-78745508175417279009.html","獅子鄉小米收穫祭熱鬧登場::https://news.m.pchome.com.tw/living/newstaiwandigi/20260823/index-78745508175417279009.html","獅子鄉小米收穫祭熱鬧登場::https://news.m.pchome.com.tw/living/newstaiwandigi/20260823/index-78745508175417279009.html","","","AI初審待複核",""
"candidate-pingtung-mayor-chou-chun-mi-cultural-corridor-001","屏東縣","縣市長","周春米","民主進步黨","文化場館|表演藝術|文化觀光|文化資產|美術館|地方文化館|民俗節慶","縣府全力打造屏東縣立美術館、王船文化館及恆春文化中心等三大文化建設。","縣府全力打造屏東縣立美術館、王船文化館及恆春文化中心等三大文化建設。","縣府全力打造屏東縣立美術館、王船文化館及恆春文化中心等三大文化建設，並在鄉鎮建設三大公園、三大滯洪池、五大圖書館等，打造文化觀光廊帶，提升屏東城市競爭力。","","2026-06-13","民進黨｜台灣好生活宣講","https://www.dpp.org.tw/content_print/media/11625","政黨新聞稿","2026-10-10","候選人","現任首長施政","現任屏東縣長，2026 登記參選連任","2026-10-02｜已依中選會登記名冊核對屏東縣縣市長候選人身分；中央社報導具名記載候選人於2026政策說明會提出的文化建設與廊帶規劃。||2026-10-10｜依原文修正。","","民進黨｜台灣好生活宣講::https://www.dpp.org.tw/content_print/media/11625","民進黨｜台灣好生活宣講::https://www.dpp.org.tw/content_print/media/11625","民進黨｜台灣好生活宣講::https://www.dpp.org.tw/content_print/media/11625","","","AI初審待複核",""
"candidate-hualien-councilor-liu-ching-wen-multicultural-001","花蓮縣","縣市議員","劉靜文","無黨籍","多元文化|客家文化|閩南文化|原住民族文化|文化教育","劉靜文在2026年參選花蓮縣議員第三選區的聲明中提出推廣客家、閩南及原住民族文化，並結合教育與地方特色傳承多元文化。","以教育和地方特色作為文化傳承的結合點，推廣花蓮多族群文化並促進族群融合。","推廣客家文化。||推廣閩南文化。||推廣原住民族文化。||結合教育與地方特色傳承多元文化。","","2026-08-31","劉靜文轉換跑道參選花蓮縣議員第三選區","https://etaiwan.news/2026/08/31/%E5%8A%89%E9%9D%9C%E6%96%87%EF%BD%9C%E8%BD%89%E6%8F%9B%E8%B7%91%E9%81%93%E5%8F%83%E9%81%B8%E8%8A%B1%E8%93%AE%E7%B8%A3%E8%AD%B0%E5%93%A1%E7%AC%AC%E4%B8%89%E9%81%B8%E5%8D%80%EF%BC%8C%E6%B0%A3%E5%8B%A2/","新聞報導","2026-10-02","候選人","本屆競選政見","候選人官方頁、政黨頁或候選人具名新聞來源","2026-10-02｜已依中選會登記名冊核對花蓮縣縣市議員第三選舉區候選人身分；來源具名記載候選人文化主張。政策未載預算、期程或執行機制，已於摘要保留其概括性。","","劉靜文轉換跑道參選花蓮縣議員第三選區::https://etaiwan.news/2026/08/31/%E5%8A%89%E9%9D%9C%E6%96%87%EF%BD%9C%E8%BD%89%E6%8F%9B%E8%B7%91%E9%81%93%E5%8F%83%E9%81%B8%E8%8A%B1%E8%93%AE%E7%B8%A3%E8%AD%B0%E5%93%A1%E7%AC%AC%E4%B8%89%E9%81%B8%E5%8D%80%EF%BC%8C%E6%B0%A3%E5%8B%A2/","劉靜文轉換跑道參選花蓮縣議員第三選區::https://etaiwan.news/2026/08/31/%E5%8A%89%E9%9D%9C%E6%96%87%EF%BD%9C%E8%BD%89%E6%8F%9B%E8%B7%91%E9%81%93%E5%8F%83%E9%81%B8%E8%8A%B1%E8%93%AE%E7%B8%A3%E8%AD%B0%E5%93%A1%E7%AC%AC%E4%B8%89%E9%81%B8%E5%8D%80%EF%BC%8C%E6%B0%A3%E5%8B%A2/","劉靜文轉換跑道參選花蓮縣議員第三選區::https://etaiwan.news/2026/08/31/%E5%8A%89%E9%9D%9C%E6%96%87%EF%BD%9C%E8%BD%89%E6%8F%9B%E8%B7%91%E9%81%93%E5%8F%83%E9%81%B8%E8%8A%B1%E8%93%AE%E7%B8%A3%E8%AD%B0%E5%93%A1%E7%AC%AC%E4%B8%89%E9%81%B8%E5%8D%80%EF%BC%8C%E6%B0%A3%E5%8B%A2/","","","AI初審待複核",""
candidate-khh-mayor-lai-jui-lung-001,高雄市,縣市長,賴瑞隆,民主進步黨,社區文化|文化資產|傳統藝術|地方文史|表演藝術|文化產業|國際文化交流|圖書館|影視文化|城市再生|青年,文化高雄．世界舞台,文化高雄．世界舞台,文化生根。||時光再生。||百藝傳世。||南方立論。||高雄舞台。||內容造浪。||國際交陪。,表示藝術工作者以專業帶給觀眾感動，政治工作者也應以專業讓市民生活得更好。,2026-09-07,賴瑞隆 Threads：文化高雄．世界舞台,https://www.threads.com/share/FA5zqGs_j/,候選人原文,2026-10-10,候選人,本屆競選政見,候選人官方頁、政黨頁或候選人具名新聞來源,2026-09-07｜查核賴瑞隆官方網站 https://zenolai.oen.tw/，未找到「文化高雄」、「世界舞台」或七項文化政策的同步頁面。||2026-10-03｜合併 candidate-khh-mayor-lai-jui-lung-002 的同一套「文化高雄・世界舞台」政策；保留既有 ID，原筆已含較完整的七大政策內容。||2026-10-10｜依原文修正。,https://www.nownews.com/news/6872857,賴瑞隆 Threads：文化高雄．世界舞台::https://www.threads.com/share/FA5zqGs_j/,賴瑞隆 Threads：文化高雄．世界舞台::https://www.threads.com/share/FA5zqGs_j/,賴瑞隆 Threads：文化高雄．世界舞台::https://www.threads.com/share/FA5zqGs_j/,,,人工審核,文化高雄．世界舞台
"candidate-tpe-councilor-miao-po-ya-taiwanese-revival-001","臺北市","縣市議員","苗博雅","社會民主黨","語言文化|文化平權|城市文化|觀光文化","加入跨黨派台語復振連線，推動台語友善城市環境與日常使用，並把台語發展為城市觀光文化的一部分。","台語應在城市日常與公共環境中被使用與看見，讓語言復振成為文化平權及城市文化的一環。","參與台北市議會台語復振連線。||與民團合作創造台語友善城市環境。||鼓勵市民使用台語並讓台語成為城市觀光文化的一部分。","","2026-05-06","中央社：北市議會成立台語復振連線","https://www.cna.com.tw/news/aloc/202605060163.aspx","新聞報導","2026-10-02","候選人","現任問政／提案","候選人官方頁、政黨頁或候選人具名新聞來源","2026-10-04｜依來源性質更正為現任議員問政／提案。||2026-10-04｜依來源性質更正為現任議員問政／提案。","","中央社：北市議會成立台語復振連線::https://www.cna.com.tw/news/aloc/202605060163.aspx","中央社：北市議會成立台語復振連線::https://www.cna.com.tw/news/aloc/202605060163.aspx","中央社：北市議會成立台語復振連線::https://www.cna.com.tw/news/aloc/202605060163.aspx","","","AI初審待複核",""
"candidate-tpe-councilor-chen-li-hsin-old-city-culture-001","臺北市","縣市議員","陳力新","無黨籍","地方文史|文化資產|社區文化|文化觀光|文化產業|數位文化|文化空間","以萬華歷史街區為基礎，串連廟宇、市場、歷史行業與街區故事，發展文化結合科技的導覽體驗，讓文化保存帶動在地經濟。","老城區應保留自身特色並讓日常生活改善；文化保存需要和地方店家及觀光動線結合，才有持續的經濟基礎。","串連艋舺歷史、信仰與街區故事。||連結在地店家與觀光動線。||推動文化結合科技的導覽體驗。||把文化保存轉化為在地經濟的長期支撐。","主張讓萬華的故事被好好說給世界聽。","2026-10-02","陳力新官方網站：觀光文化・在地經濟","https://www.lishin.taipei/","候選人原文","2026-10-02","候選人","本屆競選政見","候選人官方頁、政黨頁或候選人具名新聞來源","","","陳力新官方網站：觀光文化・在地經濟::https://www.lishin.taipei/","陳力新官方網站：觀光文化・在地經濟::https://www.lishin.taipei/","陳力新官方網站：觀光文化・在地經濟::https://www.lishin.taipei/","","","AI初審待複核",""
"candidate-phh-councilor-hsu-kuo-cheng-cultural-market-001","澎湖縣","縣市議員","許國政","中國國民黨","文化產業|多元文化|文化空間|文化觀光|社區營造|青年","主張設立市區觀光市場與文創農漁市集，並利用閒置空間成立新住民交流學習中心，讓文化創意、在地產業與多元族群交流成為澎湖旅遊及社區發展的一環。","文化與地方產業應結合觀光動線及公共空間，讓青年創意、農漁產品與新住民文化都有被看見及交流的場域。","設立市區觀光市場與文創農漁市集，打造澎南線旅遊動線特色品牌。||運用閒置空間成立新住民交流學習中心，促進多元文化融合發展。","","2026-10-02","澎湖縣議會：許國政議員政見","https://www.phcouncil.gov.tw/mop2.php?no=M24080011","候選人原文","2026-10-02","推定現任議員","現任議員個人頁內容","中選會本屆名冊＋議會個人頁","","","澎湖縣議會：許國政議員政見::https://www.phcouncil.gov.tw/mop2.php?no=M24080011","澎湖縣議會：許國政議員政見::https://www.phcouncil.gov.tw/mop2.php?no=M24080011","澎湖縣議會：許國政議員政見::https://www.phcouncil.gov.tw/mop2.php?no=M24080011","","","AI初審待複核",""
"candidate-kmn-councilor-chou-tzu-chieh-cultural-exchange-001","金門縣","縣市議員","周子傑","中國國民黨","地方文化|宗教交流|文化交流|文化觀光","主張提升金門地區特色文化，並推展兩岸文化、宗教與體育交流，讓地方文化特色成為對外交流及地方發展的基礎。","金門應以地方特色文化為基礎，透過文化與宗教交流提升地方能見度並帶動發展。","提升地區特色文化。||推展兩岸文化、宗教與體育交流。","","2026-10-02","金門縣議會：周子傑議員政見","https://www.kmcc.gov.tw/8844/54357/55476/55516/","候選人原文","2026-10-02","推定現任議員","現任議員個人頁內容","中選會本屆名冊＋議會個人頁","","","金門縣議會：周子傑議員政見::https://www.kmcc.gov.tw/8844/54357/55476/55516/","金門縣議會：周子傑議員政見::https://www.kmcc.gov.tw/8844/54357/55476/55516/","金門縣議會：周子傑議員政見::https://www.kmcc.gov.tw/8844/54357/55476/55516/","","","AI初審待複核",""
"candidate-lgn-councilor-tsao-cheng-chun-arts-island-001","連江縣","縣市議員","曹丞君","中國國民黨","公共藝術|文化活動|文化預算|文化觀光","主張爭取馬祖國際藝術島活動經費，並要求至少一半由連江縣政府統籌使用，讓國際藝術島成為地方可掌握的文化活動與資源。","國際藝術島的經費與執行應由地方政府取得足夠統籌空間，才能回應馬祖的文化與地方需求。","爭取馬祖國際藝術島活動經費。||要求至少一半經費由縣府統籌使用。","","2026-10-02","連江縣議會：曹丞君議員政見","https://www.mtcc.gov.tw/ch/counciler_intro/7190?clid=8","候選人原文","2026-10-02","推定現任議員","現任議員個人頁內容","中選會本屆名冊＋議會個人頁","","","連江縣議會：曹丞君議員政見::https://www.mtcc.gov.tw/ch/counciler_intro/7190?clid=8","連江縣議會：曹丞君議員政見::https://www.mtcc.gov.tw/ch/counciler_intro/7190?clid=8","連江縣議會：曹丞君議員政見::https://www.mtcc.gov.tw/ch/counciler_intro/7190?clid=8","","","AI初審待複核",""
"candidate-lgn-councilor-chen-shu-chien-arts-island-001","連江縣","縣市議員","陳書建","中國國民黨","公共藝術|文化空間|文化資產|文化觀光","關注馬祖國際藝術島撤展後作品的場域管理，主張保留作品應設置完整告示與說明牌，並更新過時的觀光導覽及指示牌，讓作品背景、保存意義與旅遊資訊可被清楚理解。","公共藝術撤展後若保留於地方，應有清楚的保存說明與導覽資訊，避免文化作品失去脈絡並提升旅遊環境品質。","要求保留的藝術島作品設置完整告示及說明牌。||要求盤點並更新內容過時或不符現況的觀光導覽與指示牌。","","2026-06-12","馬祖日報：陳書建關注國際藝術島作品管理與觀光導覽","https://www.matsu-news.gov.tw/news/article/241884","新聞報導","2026-10-02","候選人","現任問政／提案","候選人官方頁、政黨頁或候選人具名新聞來源","2026-10-04｜依來源性質更正為現任議員問政／提案。||2026-10-04｜依來源性質更正為現任議員問政／提案。","","馬祖日報：陳書建關注國際藝術島作品管理與觀光導覽::https://www.matsu-news.gov.tw/news/article/241884","馬祖日報：陳書建關注國際藝術島作品管理與觀光導覽::https://www.matsu-news.gov.tw/news/article/241884","馬祖日報：陳書建關注國際藝術島作品管理與觀光導覽::https://www.matsu-news.gov.tw/news/article/241884","","","AI初審待複核",""
"candidate-lgn-councilor-chen-yu-fa-mother-tongue-001","連江縣","縣市議員","陳玉發","中國國民黨","母語|文化傳承|地方文史|文化教育|青年","指出閩東語保存不應只停留在教學，應鎖定年輕世代並支持以母語創作的節目與創作者，使母語在日常生活中持續使用與傳承。","母語保存須從課堂走入年輕人的日常生活，並透過母語創作與傳授延續語言文化。","要求將母語保存對象鎖定年輕一代並生活化推廣。||建議輔導母語節目持續創作，並鼓勵在地教師持續傳授。","","2023-11-16","連江縣議會：陳玉發關注閩東語生活化傳承","https://www.mtcc.gov.tw/ch/Detail/7168?mcid=109198&webaid=","候選人原文","2026-10-02","推定現任議員","現任議員個人頁內容","中選會本屆名冊＋議會個人頁","","","連江縣議會：陳玉發關注閩東語生活化傳承::https://www.mtcc.gov.tw/ch/Detail/7168?mcid=109198&webaid=","連江縣議會：陳玉發關注閩東語生活化傳承::https://www.mtcc.gov.tw/ch/Detail/7168?mcid=109198&webaid=","連江縣議會：陳玉發關注閩東語生活化傳承::https://www.mtcc.gov.tw/ch/Detail/7168?mcid=109198&webaid=","","","AI初審待複核",""
"candidate-lgn-councilor-chen-yi-pin-performing-arts-001","連江縣","縣市議員","陳貽斌","中國國民黨","表演藝術|文化空間|文化資產|文化觀光|文化場館|保存修復","關注梅石藝文中心使用率，主張持續邀請閩劇團及多元表演團體到馬祖演出以活化場館，並關心神像修復與保存管理，以及國際藝術島宣傳時程。","文化場館應透過在地及多元表演持續活化，宗教文物修復和藝術活動宣傳也應有長期管理與推廣。","建議持續邀請閩劇團及多元表演團體到梅石藝文中心演出。||關注神像修復及保存管理。||要求國際藝術島提早展開宣傳以帶動觀光效益。","","2026-05-28","連江縣議會：陳貽斌關注梅石藝文中心與神像保存","https://www.mtcc.gov.tw/ch/Detail/7168?mcid=111810&webaid=","候選人原文","2026-10-02","推定現任議員","現任議員個人頁內容","中選會本屆名冊＋議會個人頁","","","連江縣議會：陳貽斌關注梅石藝文中心與神像保存::https://www.mtcc.gov.tw/ch/Detail/7168?mcid=111810&webaid=","連江縣議會：陳貽斌關注梅石藝文中心與神像保存::https://www.mtcc.gov.tw/ch/Detail/7168?mcid=111810&webaid=","連江縣議會：陳貽斌關注梅石藝文中心與神像保存::https://www.mtcc.gov.tw/ch/Detail/7168?mcid=111810&webaid=","","","AI初審待複核",""
"candidate-lgn-councilor-chou-jui-kuo-traditional-architecture-001","連江縣","縣市議員","周瑞國","中國國民黨","文化資產|傳統建築|宗教文化|文化活動|社區營造","主張爭取芹壁社協辦公室及坂里大同二村的傳統建築保存與文化資產評估，並關注擺暝文化祭所需的中正堂整修與宮廟協調。","傳統建築、社區空間與地方祭儀應及早納入保存、修繕及協調機制，以延續馬祖的地方文化。","爭取芹壁社協辦公室及坂里大同二村的傳統建築保存與文化資產評估。||關注擺暝文化祭的中正堂整修並要求盡快與宮廟協調。","","2025-11-21","馬祖日報：周瑞國關注傳統建築保存與擺暝文化祭","https://www.matsu-news.gov.tw/news/article/236839","新聞報導","2026-10-02","候選人","現任問政／提案","候選人官方頁、政黨頁或候選人具名新聞來源","2026-10-04｜依來源性質更正為現任議員問政／提案。||2026-10-04｜依來源性質更正為現任議員問政／提案。","","馬祖日報：周瑞國關注傳統建築保存與擺暝文化祭::https://www.matsu-news.gov.tw/news/article/236839","馬祖日報：周瑞國關注傳統建築保存與擺暝文化祭::https://www.matsu-news.gov.tw/news/article/236839","馬祖日報：周瑞國關注傳統建築保存與擺暝文化祭::https://www.matsu-news.gov.tw/news/article/236839","","","AI初審待複核",""
"candidate-hsz-councilor-chang-tsu-yen-cultural-education-001","新竹市","縣市議員","張祖琰","中國國民黨","閱讀|文化教育|原住民族文化|傳統藝術","主張監督新竹市總圖書館興建並增設圖書分館，且共同提案要求市府藝術教育納入更多原住民族傳統藝術課程，讓閱讀資源與多元文化教育同步發展。","文化教育應兼顧公共閱讀資源與不同族群的傳統藝術，讓學校藝術課程反映在地多元文化。","監督總圖書館興建進度並增設圖書分館。||共同提案要求市府藝術教育加入更多原住民族傳統藝術課程。","","2026-10-02","新竹市議會：張祖琰議員政見與原住民族傳統藝術教育提案","https://www.hsinchu-cc.gov.tw/tc/councilor.aspx?c=11&mid=39","候選人原文","2026-10-02","推定現任議員","現任議員個人頁內容","中選會本屆名冊＋議會個人頁","","","新竹市議會：張祖琰議員政見::https://www.hsinchu-cc.gov.tw/tc/councilor.aspx?c=11&mid=39","新竹市議會：原住民族傳統藝術教育提案::https://www.hsinchu-cc.gov.tw/upload/79/2026042310011641337%E6%96%B0%E7%AB%B9%E5%B8%82%E8%AD%B0%E6%9C%83-%E7%AC%AC11%E5%B1%86%E7%AC%AC18%E6%AC%A1%E8%87%A8%E6%99%82%E6%9C%83.pdf","新竹市議會：張祖琰議員政見與原住民族傳統藝術教育提案::https://www.hsinchu-cc.gov.tw/tc/councilor.aspx?c=11&mid=39","","","AI初審待複核",""
"candidate-hsz-councilor-hsu-mei-hui-historic-creative-market-001","新竹市","縣市議員","徐美惠","中國國民黨","地方文史|文化產業|文化觀光|藝文活動","主張南門市場改造結合在地人文視角及歷史文創，重新呈現竹塹南門價值；並規劃青草湖搭配藝文休閒設施、親子活動與戶外教學，帶動周邊觀光。","市場改造與湖區觀光不應只著重硬體，應以在地歷史、文創和藝文活動呈現竹塹文化並活化地方。","南門市場改造結合在地人文視角及歷史文創。||在青草湖規劃藝文休閒設施、親子活動及戶外教學並推廣周邊觀光。","","2026-10-02","新竹市議會：徐美惠議員政見","https://www.hsinchu-cc.gov.tw/tc/councilor.aspx?c=18&mid=39","候選人原文","2026-10-02","推定現任議員","現任議員個人頁內容","中選會本屆名冊＋議會個人頁","","","新竹市議會：徐美惠議員政見::https://www.hsinchu-cc.gov.tw/tc/councilor.aspx?c=18&mid=39","新竹市議會：徐美惠議員政見::https://www.hsinchu-cc.gov.tw/tc/councilor.aspx?c=18&mid=39","新竹市議會：徐美惠議員政見::https://www.hsinchu-cc.gov.tw/tc/councilor.aspx?c=18&mid=39","","","AI初審待複核",""
"candidate-hsz-councilor-hsu-hsiu-jui-cultural-heritage-001","新竹市","縣市議員","許修睿","中國國民黨","軍事文化|藝文活動|文化觀光|舊城文化|地方記憶|藝文節慶","主張延續國軍文化、活化前站舊城商圈，並以青草湖重現為目標推動藝文季與觀光行銷，讓地方記憶、文化活動與城市發展相互連結。","城市發展應維繫在地歷史與國軍文化，並以舊城活化和藝文活動帶動公共參與及觀光。","延續國軍文化傳承。||活化前站舊城商圈。||推動青草湖藝文季及觀光行銷。","","2026-10-02","新竹市議會：許修睿議員政見","https://www.hsinchu-cc.gov.tw/tc/councilor.aspx?c=3&mid=39","候選人原文","2026-10-02","推定現任議員","現任議員個人頁內容","中選會本屆名冊＋議會個人頁","","","新竹市議會：許修睿議員政見::https://www.hsinchu-cc.gov.tw/tc/councilor.aspx?c=3&mid=39","新竹市議會：許修睿議員政見::https://www.hsinchu-cc.gov.tw/tc/councilor.aspx?c=3&mid=39","新竹市議會：許修睿議員政見::https://www.hsinchu-cc.gov.tw/tc/councilor.aspx?c=3&mid=39","","","AI初審待複核",""
"candidate-hsz-councilor-huang-mei-hui-hakka-culture-001","新竹市","縣市議員","黃美慧","中國國民黨","客家文化|客語|文化傳承","主張推動客家文化及客家語言發展，並在議會質詢要求市府跨局處合作、重視客家事務與活動規劃，促進客語文化推廣。","客家事務與客語文化推廣需要市府跨局處合作及與社群充分溝通，讓文化活動回應參與者需求。","推動客家文化及客家語言發展。||要求市府跨局處合作推動客家事務與客語文化。","","2026-10-02","新竹市議會：黃美慧議員政見與客家事務質詢","https://www.hsinchu-cc.gov.tw/tc/councilor.aspx?c=25","候選人原文","2026-10-02","推定現任議員","現任議員個人頁內容","中選會本屆名冊＋議會個人頁","","","新竹市議會：黃美慧議員政見::https://www.hsinchu-cc.gov.tw/tc/councilor.aspx?c=25","新竹市議會：黃美慧客家事務質詢::https://www.hsinchu-cc.gov.tw/upload/41/2026042715370522739%E5%96%AE13-%E9%BB%83%E7%BE%8E%E6%85%A7.pdf","新竹市議會：黃美慧議員政見與客家事務質詢::https://www.hsinchu-cc.gov.tw/tc/councilor.aspx?c=25","","","AI初審待複核",""
"candidate-hsz-councilor-lin-tzu-ai-indigenous-culture-001","新竹市","縣市議員","林慈愛","中國國民黨","原住民族文化|展覽策展|文化教育|文化健康","主張將原住民族日策展納入新竹市總圖書館年度常態展覽並設為固定文化據點，且提出在萬聖節活動納入原住民族展演與文化體驗，以及增設文化健康站及文化安全培訓師資。","原住民族文化應在城市公共文化場館、節慶活動及長者照顧服務中被持續看見與傳承。","將原住民族日策展納入總圖書館年度常態展覽，設為固定原住民族文化據點。||在萬聖節系列活動納入原住民族特色展演與文化體驗。||增設文化健康站並引進文化安全培訓師資。","","2026-10-02","新竹市議會：林慈愛原住民族文化提案","https://www.hsinchu-cc.gov.tw/tc/councilor.aspx?c=36&mid=39","候選人原文","2026-10-02","推定現任議員","現任議員個人頁內容","中選會本屆名冊＋議會個人頁","","","新竹市議會：林慈愛原住民族文化提案::https://www.hsinchu-cc.gov.tw/tc/councilor.aspx?c=36&mid=39","新竹市議會：林慈愛原住民族文化提案::https://www.hsinchu-cc.gov.tw/tc/councilor.aspx?c=36&mid=39","新竹市議會：林慈愛原住民族文化提案::https://www.hsinchu-cc.gov.tw/tc/councilor.aspx?c=36&mid=39","","","AI初審待複核",""
"candidate-ttt-councilor-fang-hsien-jen-cultural-space-001","臺東縣","縣市議員","方賢仁","中國國民黨","原住民族文化|文化空間|地方文史|展覽策展","主張台東博覽會的運動主題展納入阿美族運動員楊傳廣，並推動部落聚會所、馬亨亨雕像與石柱等文化意象及場域。","台東的文化展示不應只聚焦單一棒球主題，應呈現不同運動與原住民族傑出人物，並補足部落聚會所等文化空間。","建議以運動或體育專題特展取代僅以棒球為主題的展區，納入楊傳廣的傳奇事蹟。||要求盤點尚未建置聚會所的部落並優先推進，並規劃馬蘭部落馬亨亨雕像及石柱與馬當部落周邊環境改善。","","2026-05-28","互傳媒：方賢仁關注台東博覽會與原民聚會所","https://news.pchome.com.tw/politics/hoomedia/20260528/index-77990732561687344002.html","新聞報導","2026-10-02","候選人","現任問政／提案","候選人官方頁、政黨頁或候選人具名新聞來源","2026-10-04｜依來源性質更正為現任議員問政／提案。||2026-10-04｜依來源性質更正為現任議員問政／提案。","","互傳媒：方賢仁關注台東博覽會與原民聚會所::https://news.pchome.com.tw/politics/hoomedia/20260528/index-77990732561687344002.html","互傳媒：方賢仁關注台東博覽會與原民聚會所::https://news.pchome.com.tw/politics/hoomedia/20260528/index-77990732561687344002.html","互傳媒：方賢仁關注台東博覽會與原民聚會所::https://news.pchome.com.tw/politics/hoomedia/20260528/index-77990732561687344002.html","","","AI初審待複核",""
"candidate-hln-councilor-hsiu-chi-saflo-193-culture-001","花蓮縣","縣市議員","秀吉．撒夫洛","中國國民黨","原住民族文化|文化觀光|公共藝術|文化空間","主張修復並更新193線沿線的馬太林文化園區入口與稻草藝術裝置，並研議合適區域規劃露營區，提升南區人文景觀的觀光吸引力。","193線沿線的部落人文與產業景觀具觀光潛力，政府應補足維護與規劃，讓文化景點留得住遊客。","修復馬太林文化園區入口及沿線稻草藝術裝置。||研議在合適區域規劃露營區，串聯193線人文景觀與觀光。","","2026-06-08","東台灣新聞網：翻轉南區觀光困境，秀吉・撒夫洛聚焦193線觀光資源","https://etaiwan.news/2026/06/08/%E5%AE%A3%E5%B8%83%E5%8F%83%E9%81%B8%E5%B9%B3%E5%9C%B0%E5%8E%9F%E4%BD%8F%E6%B0%91%E7%AC%AC%E5%9B%9B%E9%81%B8%E5%8D%80%E7%B8%A3%E8%AD%B0%E5%93%A1%E9%81%B8%E8%88%89%EF%BD%9C%E7%BF%BB%E8%BD%89%E5%8D%97/","新聞報導","2026-10-02","候選人","本屆競選政見","候選人官方頁、政黨頁或候選人具名新聞來源","","","東台灣新聞網：翻轉南區觀光困境，秀吉・撒夫洛聚焦193線觀光資源::https://etaiwan.news/2026/06/08/%E5%AE%A3%E5%B8%83%E5%8F%83%E9%81%B8%E5%B9%B3%E5%9C%B0%E5%8E%9F%E4%BD%8F%E6%B0%91%E7%AC%AC%E5%9B%9B%E9%81%B8%E5%8D%80%E7%B8%A3%E8%AD%B0%E5%93%A1%E9%81%B8%E8%88%89%EF%BD%9C%E7%BF%BB%E8%BD%89%E5%8D%97/","東台灣新聞網：翻轉南區觀光困境，秀吉・撒夫洛聚焦193線觀光資源::https://etaiwan.news/2026/06/08/%E5%AE%A3%E5%B8%83%E5%8F%83%E9%81%B8%E5%B9%B3%E5%9C%B0%E5%8E%9F%E4%BD%8F%E6%B0%91%E7%AC%AC%E5%9B%9B%E9%81%B8%E5%8D%80%E7%B8%A3%E8%AD%B0%E5%93%A1%E9%81%B8%E8%88%89%EF%BD%9C%E7%BF%BB%E8%BD%89%E5%8D%97/","東台灣新聞網：翻轉南區觀光困境，秀吉・撒夫洛聚焦193線觀光資源::https://etaiwan.news/2026/06/08/%E5%AE%A3%E5%B8%83%E5%8F%83%E9%81%B8%E5%B9%B3%E5%9C%B0%E5%8E%9F%E4%BD%8F%E6%B0%91%E7%AC%AC%E5%9B%9B%E9%81%B8%E5%8D%80%E7%B8%A3%E8%AD%B0%E5%93%A1%E9%81%B8%E8%88%89%EF%BD%9C%E7%BF%BB%E8%BD%89%E5%8D%97/","","","人工審核",""
"candidate-tpe-mayor-shen-boyang-001","臺北市","縣市長","沈伯洋","民主進步黨","文化資產|地方文史|文化廊道","文化資產不能只停留在緬懷過去，要有路徑、機制和後續投入。","讓地方文史工作者累積的故事被看見。","像台北記憶倉庫，其實就能串聯西門町、北門，甚至沿淡水河連到大稻埕，串成一條認識台北的文化廊道。","","2026-08-03","議員：台北需要沈伯洋把在地故事帶向世界","https://www.mirrormedia.mg/external/setn_1883065","新聞報導","2026-10-10","候選人","本屆競選政見","候選人官方頁、政黨頁或候選人具名新聞來源","依原文修正（2026-10-10）","","議員：台北需要沈伯洋把在地故事帶向世界::https://www.mirrormedia.mg/external/setn_1883065","議員：台北需要沈伯洋把在地故事帶向世界::https://www.mirrormedia.mg/external/setn_1883065","議員：台北需要沈伯洋把在地故事帶向世界::https://www.mirrormedia.mg/external/setn_1883065","","","人工審核",""
"candidate-ntpc-mayor-su-chiao-hui-001","新北市","縣市長","蘇巧慧","民主進步黨","文化場館|影視文化|地方文史|博物館","國影中心擁有國家級的影視音館藏。","讓國影中心成為金馬獎、金曲獎、金鐘獎的三金博物館。","行政院核定國影中心二期計畫留新莊，增設800個汽車與800個機車停車位，經費由中央全額補助！","表示將與中央共同推動國影中心成為匯聚臺灣影視音文化的重要據點。","2026-07-06","國影中心二期留新莊！中央全額補助停車位","https://chiao.tw/chiao_view/%E5%9C%8B%E5%BD%B1%E4%B8%AD%E5%BF%83%E4%BA%8C%E6%9C%9F%E7%95%99%E6%96%B0%E8%8E%8A%EF%BC%81%E4%B8%AD%E5%A4%AE%E5%85%A8%E9%A1%8D%E8%A3%9C%E5%8A%A9%E5%81%9C%E8%BB%8A%E4%BD%8D","候選人原文","2026-10-10","候選人","本屆競選政見","候選人官方頁、政黨頁或候選人具名新聞來源","2026-09-06｜主要來源改為候選人官網，原新聞改列輔助來源。||2026-10-10｜依原文修正。","https://udn.com/vote2026/story/124652/9675933","國影中心二期留新莊！中央全額補助停車位::https://chiao.tw/chiao_view/%E5%9C%8B%E5%BD%B1%E4%B8%AD%E5%BF%83%E4%BA%8C%E6%9C%9F%E7%95%99%E6%96%B0%E8%8E%8A%EF%BC%81%E4%B8%AD%E5%A4%AE%E5%85%A8%E9%A1%8D%E8%A3%9C%E5%8A%A9%E5%81%9C%E8%BB%8A%E4%BD%8D","國影中心二期留新莊！中央全額補助停車位::https://chiao.tw/chiao_view/%E5%9C%8B%E5%BD%B1%E4%B8%AD%E5%BF%83%E4%BA%8C%E6%9C%9F%E7%95%99%E6%96%B0%E8%8E%8A%EF%BC%81%E4%B8%AD%E5%A4%AE%E5%85%A8%E9%A1%8D%E8%A3%9C%E5%8A%A9%E5%81%9C%E8%BB%8A%E4%BD%8D","國影中心二期留新莊！中央全額補助停車位::https://chiao.tw/chiao_view/%E5%9C%8B%E5%BD%B1%E4%B8%AD%E5%BF%83%E4%BA%8C%E6%9C%9F%E7%95%99%E6%96%B0%E8%8E%8A%EF%BC%81%E4%B8%AD%E5%A4%AE%E5%85%A8%E9%A1%8D%E8%A3%9C%E5%8A%A9%E5%81%9C%E8%BB%8A%E4%BD%8D","","","AI初審待複核",""
"candidate-ntpc-mayor-lee-sichuan-001","新北市","縣市長","李四川","中國國民黨","客家文化|文化教育|文化場館|文化觀光|地方文化館|高齡文化","持續推動客家文化傳承與創新，並提出6大客家政策方向。","持續推動客家文化傳承與創新。","提高客家社團補助，……未來最高將提高至10萬元，協助客家文化持續扎根。||延續「12年15座哈客館」目標，……朝完成15座哈客館目標邁進。||持續優化客語教育師資環境，提高客語教師相關支持與待遇。||擴大辦理義民祭及客家6大節慶活動。||推動客家文化園區轉型，未來將朝產業綜合中心方向發展。||打造客家友善環境，鼓勵市府大型活動融入客家藝文展演。","以職人 Passport 結合文化體驗、教育及地方觀光。","2026-06-17","聯合報｜李四川延續侯市府基礎提6大客家政見","https://udn.com/news/story/124652/9570071","新聞報導","2026-10-10","候選人","本屆競選政見","候選人官方頁、政黨頁或候選人具名新聞來源","2026-09-17｜整合已審核中央社來源：補入新北職人 Passport 政策。||2026-10-10｜依原文修正。||依原文修正（2026-10-10）","","自由時報｜李四川延續侯市府基礎提6大客家政見::https://tw.news.yahoo.com/%E6%9D%8E%E5%9B%9B%E5%B7%9D%E5%BB%B6%E7%BA%8C%E4%BE%AF%E5%B8%82%E5%BA%9C%E5%9F%BA%E7%A4%8E%E6%8F%906%E5%A4%A7%E5%AE%A2%E5%AE%B6%E6%94%BF%E8%A6%8B-%E6%8F%90%E9%AB%98%E7%A4%BE%E5%9C%98%E8%A3%9C%E5%8A%A9-%E4%BF%83%E9%80%B2%E6%96%87%E5%8C%96%E5%82%B3%E6%89%BF-092140769.html","自由時報｜李四川延續侯市府基礎提6大客家政見::https://tw.news.yahoo.com/%E6%9D%8E%E5%9B%9B%E5%B7%9D%E5%BB%B6%E7%BA%8C%E4%BE%AF%E5%B8%82%E5%BA%9C%E5%9F%BA%E7%A4%8E%E6%8F%906%E5%A4%A7%E5%AE%A2%E5%AE%B6%E6%94%BF%E8%A6%8B-%E6%8F%90%E9%AB%98%E7%A4%BE%E5%9C%98%E8%A3%9C%E5%8A%A9-%E4%BF%83%E9%80%B2%E6%96%87%E5%8C%96%E5%82%B3%E6%89%BF-092140769.html","聯合報｜李四川延續侯市府基礎提6大客家政見::https://udn.com/news/story/124652/9570071","","","人工審核",""
candidate-hcc-mayor-chuang-ching-cheng-001,新竹市,縣市長,莊競程,民主進步黨,客家文化|文化治理|文化科技|地方創生|文化空間,若當選市長，將成立「客家事務處」，建立客家文化政策專責治理平台。,推動「客語扎根計畫」。,整合客語、文化、教育、地方創生及產業資源。||推動數位文化保存、智慧導覽等應用。,,2026-07-26,莊競程提「科技客家」政見 數位保存文化、活化客庄,https://udn.com/vote2026/story/124652/9651723,新聞報導,2026-10-10,候選人,本屆競選政見,候選人官方頁、政黨頁或候選人具名新聞來源,2026-10-10｜依原文修正。,,莊競程提「科技客家」政見 數位保存文化、活化客庄::https://udn.com/vote2026/story/124652/9651723,莊競程提「科技客家」政見 數位保存文化、活化客庄::https://udn.com/vote2026/story/124652/9651723,莊競程提「科技客家」政見 數位保存文化、活化客庄::https://udn.com/vote2026/story/124652/9651723,,,人工審核,科技客家
candidate-yilan-mayor-lin-kuo-chang-001,宜蘭縣,縣市長,林國漳,民主進步黨,文化治理|文化教育|文化資產|文化產業|博物館|民俗節慶|藝文節慶,林國漳提出的第一項政見「文化即生活」。,在「文化即治理」方面，制定「宜蘭文化30年政策白皮書」。,推動「文化場域活化計畫」。||啟動「文化根系扎根計畫」。||研議實施「一日文化假」。||制定「宜蘭文化30年政策白皮書」。||爭取主辦「台灣設計展」。,,2026-08-28,林國漳拋「文化立縣2.0」五大綱領～從文化立縣走向文化治縣,https://www.kamalan-news.com/political/22/18859,新聞報導,2026-10-10,候選人,本屆競選政見,候選人官方頁、政黨頁或候選人具名新聞來源,2026-10-10｜依原文修正。,https://2026openchang.tw/,林國漳拋「文化立縣2.0」五大綱領～從文化立縣走向文化治縣::https://www.kamalan-news.com/political/22/18859,林國漳拋「文化立縣2.0」五大綱領～從文化立縣走向文化治縣::https://www.kamalan-news.com/political/22/18859,林國漳拋「文化立縣2.0」五大綱領～從文化立縣走向文化治縣::https://www.kamalan-news.com/political/22/18859,,,AI初審待複核,文化立縣2.0
candidate-yunlin-mayor-chang-chia-chun-001,雲林縣,縣市長,張嘉郡,中國國民黨,文化場館|藝術教育|地方文化|美術館|文化觀光,張嘉郡承諾延續張麗善八年施政成果，接棒完成30項重大建設。,提出《雲林美術館政策白皮書》。,規劃美術館落腳斗六，打造雲林文化新地標。,,2026-08-20,接棒張麗善繼續拼　張嘉郡擘劃雲林美術館落腳斗六新願景,https://www.devotetoyunlin.com/News1,候選人原文,2026-10-10,候選人,本屆競選政見,候選人官方頁、政黨頁或候選人具名新聞來源,2026-09-02｜補充政策白皮書與斗六設址方向。||2026-09-06｜主要來源改為候選人官網，原新聞改列輔助來源。||2026-10-10｜依原文修正。,https://life.tw/article/%E5%BC%B5%E5%98%89%E9%83%A1%E6%8B%8B-%E9%9B%B2%E6%9E%97%E7%BE%8E%E8%A1%93%E9%A4%A8-%E6%94%BF%E8%A6%8B-%E8%A6%AA%E8%B5%B4%E5%8F%B0%E4%B8%AD%E5%90%91%E7%9B%A7%E7%A7%80%E7%87%95%E5%8F%96%E7%B6%93-3130493,接棒張麗善繼續拼　張嘉郡擘劃雲林美術館落腳斗六新願景::https://www.devotetoyunlin.com/News1,接棒張麗善繼續拼　張嘉郡擘劃雲林美術館落腳斗六新願景::https://www.devotetoyunlin.com/News1,接棒張麗善繼續拼　張嘉郡擘劃雲林美術館落腳斗六新願景::https://www.devotetoyunlin.com/News1,,,人工審核,雲林美術館政策白皮書
candidate-hualien-mayor-yu-shu-chen-001,花蓮縣,縣市長,游淑貞,中國國民黨,客家文化|文化治理|文化觀光|地方創生|原住民族文化|文化健康,以「客庄花蓮、文化新生」為施政主軸。,讓客家文化融入日常生活、帶動地方經濟。,深化客語生活化與教育扎根：從家庭、學校到社區，增加客語學習及使用機會，讓孩子敢講、青年會講、長輩願意傳。||推動客庄產業創生與青年返鄉：結合客家美食、農業、工藝、文創及地方特色產業，協助青年返鄉創業，讓文化創造產業，讓青年在家鄉看得到未來。||建立族群主流化與聚落識別：盤點各地客庄的歷史、文化、產業與特色，建立具有花蓮風格的客庄品牌，讓客庄都有自己的故事與亮點。||打造客庄文化生活廊道：串聯伯公、水圳、菸樓、洗衫坑、老街、農村及歷史建築，改善客庄公共空間，打造具有文化、故事與生活特色的「客庄文化生活廊道」。||發展客庄慢旅與文化觀光：結合客庄聚落、農村景觀、客家美食、文化節慶及特色產業，發展客庄慢旅行程。,,2026-08-24,游淑貞發布《花蓮客家文化願景白皮書》打造客庄花蓮！以文化新生帶動產業創生與地方發展,https://news.tvbs.com.tw/life/4011947,新聞報導,2026-10-10,候選人,本屆競選政見,候選人官方頁、政黨頁或候選人具名新聞來源,2026-09-17｜整合已審核中央社來源：補入原住民族部落照顧與文化自治政策。||依原文修正（2026-10-10）,https://www.cna.com.tw/news/aloc/202609130075.aspx,游淑貞發布《花蓮客家文化願景白皮書》打造客庄花蓮！以文化新生帶動產業創生與地方發展::https://news.tvbs.com.tw/life/4011947,游淑貞發布《花蓮客家文化願景白皮書》打造客庄花蓮！以文化新生帶動產業創生與地方發展::https://news.tvbs.com.tw/life/4011947,游淑貞發布《花蓮客家文化願景白皮書》打造客庄花蓮！以文化新生帶動產業創生與地方發展::https://news.tvbs.com.tw/life/4011947,,,人工審核,花蓮客家文化願景白皮書
"candidate-hualien-mayor-chang-chun-001","花蓮縣","縣市長","張峻","無黨籍","藝文資源|文化平權|社區文化","將全面盤點13鄉鎮市實際藝文需求。","增加中南區及偏鄉巡迴展演。","支持地方藝文團隊與社區文化據點，同時讓更多縣級藝文活動走出市區、走進鄉鎮與部落。","以「住得遠不代表離文化也要遠」說明文化平權立場。","2026-08-15","張峻出席「玉里・正來寮」成果展　提藝文資源均衡政策：住得遠不代表離文化也要遠","https://news.pchome.com.tw/society/tcpttw/20260815/index-78678550970686334002.html","新聞報導","2026-10-10","候選人","本屆競選政見","候選人官方頁、政黨頁或候選人具名新聞來源","2026-10-10｜依原文修正。","","張峻出席「玉里・正來寮」成果展　提藝文資源均衡政策：住得遠不代表離文化也要遠::https://news.pchome.com.tw/society/tcpttw/20260815/index-78678550970686334002.html","張峻出席「玉里・正來寮」成果展　提藝文資源均衡政策：住得遠不代表離文化也要遠::https://news.pchome.com.tw/society/tcpttw/20260815/index-78678550970686334002.html","張峻出席「玉里・正來寮」成果展　提藝文資源均衡政策：住得遠不代表離文化也要遠::https://news.pchome.com.tw/society/tcpttw/20260815/index-78678550970686334002.html","","","AI初審待複核",""
"candidate-hualien-mayor-wei-chia-hsien-001","花蓮縣","縣市長","魏嘉賢","無黨籍","文化資產|戰爭記憶|文化路徑","未來縣府應系統性調查、保存、研究並活化花蓮各地戰時遺跡。","建立完整的戰地文化路徑。","未來縣府應系統性調查、保存、研究並活化花蓮各地戰時遺跡，串聯地下坑道、砲陣地、防空設施等歷史場域，建立完整的戰地文化路徑。","表示戰爭遺跡不應被遺忘，而應轉化為能被理解與使用的文化資產。","2026-08-15","蕃新聞｜花蓮美崙山、四八高地具歷史意義 魏嘉賢籲縣府盤點深化文化觀光","https://n.yam.com/Article/20260818625460","新聞報導","2026-10-10","候選人","本屆競選政見","候選人官方頁、政黨頁或候選人具名新聞來源","2026-10-10｜依原文修正。||依原文修正（2026-10-10）","","從漢光演習看花蓮的戰地史跡｜魏嘉賢：這些遺跡不該被遺忘，而應該成為文化資產。::https://etaiwan.news/2026/08/15/%E5%BE%9E%E6%BC%A2%E5%85%89%E6%BC%94%E7%BF%92%E7%9C%8B%E8%8A%B1%E8%93%AE%E7%9A%84%E6%88%B0%E5%9C%B0%E5%8F%B2%E8%B7%A1%EF%BD%9C%E9%AD%8F%E5%98%89%E8%B3%A2%EF%BC%9A%E9%80%99%E4%BA%9B%E9%81%BA%E8%B7%A1/","從漢光演習看花蓮的戰地史跡｜魏嘉賢：這些遺跡不該被遺忘，而應該成為文化資產。::https://etaiwan.news/2026/08/15/%E5%BE%9E%E6%BC%A2%E5%85%89%E6%BC%94%E7%BF%92%E7%9C%8B%E8%8A%B1%E8%93%AE%E7%9A%84%E6%88%B0%E5%9C%B0%E5%8F%B2%E8%B7%A1%EF%BD%9C%E9%AD%8F%E5%98%89%E8%B3%A2%EF%BC%9A%E9%80%99%E4%BA%9B%E9%81%BA%E8%B7%A1/","蕃新聞｜花蓮美崙山、四八高地具歷史意義 魏嘉賢籲縣府盤點深化文化觀光::https://n.yam.com/Article/20260818625460","","","AI初審待複核",""
candidate-yilan-mayor-lin-kuo-chang-002,宜蘭縣,縣市長,林國漳,民主進步黨,文化教育|多元語言|地方文化,建構「宜蘭學」，將地方特色與本土語言融入教材。,讓學生從認識家鄉開始建立文化認同。,建構「宜蘭學」，將地方特色與本土語言融入教材。,,2026-09-10,林國漳端教育政見～深耕「宜蘭學」從本土走向世界,https://www.kamalan-news.com/political/22/18962,新聞報導,2026-10-10,候選人,本屆競選政見,候選人官方頁、政黨頁或候選人具名新聞來源,2026-09-14｜由舊審核資料遷入，與既有林國漳卡片合併呈現。||2026-10-10｜依原文修正。,https://2026openchang.tw/,林國漳端教育政見～深耕「宜蘭學」從本土走向世界::https://www.kamalan-news.com/political/22/18962,林國漳端教育政見～深耕「宜蘭學」從本土走向世界::https://www.kamalan-news.com/political/22/18962,林國漳端教育政見～深耕「宜蘭學」從本土走向世界::https://www.kamalan-news.com/political/22/18962,,,人工審核,宜蘭學
"candidate-tc-councilor-liu-qin-yu-001","臺中市","縣市議員","劉芩妤","台灣民眾黨","圖書館與閱讀|數位文化","提出在捷運站與超商增設智慧還書箱，並以 App 預約與配送圖書，擴大公共圖書館服務的生活可近性。","讓借還書服務從圖書館延伸到通勤與日常生活場景，降低使用門檻。","在捷運站與超商增設智慧還書箱。||以 App 預約圖書並配送。","","2026-09-09","台灣民眾黨｜劉芩妤 2026 候選人頁","https://www.tpp.org.tw/election2026/candidatedetail.php?cid=167","政黨候選人頁","2026-09-14","候選人","本屆競選政見","候選人官方頁、政黨頁或候選人具名新聞來源","2026-09-14｜由舊審核資料遷入。","","台灣民眾黨｜劉芩妤 2026 候選人頁::https://www.tpp.org.tw/election2026/candidatedetail.php?cid=167","台灣民眾黨｜劉芩妤 2026 候選人頁::https://www.tpp.org.tw/election2026/candidatedetail.php?cid=167","台灣民眾黨｜劉芩妤 2026 候選人頁::https://www.tpp.org.tw/election2026/candidatedetail.php?cid=167","","","人工審核",""
"candidate-tn-councilor-wu-yi-chieh-001","臺南市","縣市議員","吳依潔","台灣基進","多元語言|文化治理|文化與地方認同","主張市政以本土文化與本土語言優先，並將設立台語委員會與轉型正義納入施政方向。","以制度支持本土語言與文化認同，並處理城市中的威權遺緒。","設立台語委員會專責相關事務。||市政以本土文化與本土語言優先。||落實轉型正義並去除威權遺緒。","","2026-09-08","吳依潔｜台灣基進・市議員候選人｜台灣前進","https://taiwangogo.tw/wu-yi-chieh/","候選人頁","2026-09-14","候選人","本屆競選政見","候選人官方頁、政黨頁或候選人具名新聞來源","2026-09-14｜由舊審核資料遷入。||2026-10-03｜依資料稽核修正與內容不符的細標籤。","","吳依潔｜台灣基進・市議員候選人｜台灣前進::https://taiwangogo.tw/wu-yi-chieh/","吳依潔｜台灣基進・市議員候選人｜台灣前進::https://taiwangogo.tw/wu-yi-chieh/","吳依潔｜台灣基進・市議員候選人｜台灣前進::https://taiwangogo.tw/wu-yi-chieh/","","","人工審核",""
"candidate-khh-councilor-yu-hsien-ling-001","高雄市","縣市議員","于仙玲","小民參政歐巴桑聯盟","多元語言|文化教育|文化與地方認同","將語言文化納入育兒友善政策，主張推動台語幼兒園實驗班。","將母語學習提前至幼兒教育，讓語言傳承成為公共育兒支持的一部分。","推動台語幼兒園建置實驗班。","","2026-09-08","于仙玲｜小歐盟・市議員候選人｜台灣前進","https://taiwangogo.tw/yu-hsien-ling/","候選人頁","2026-09-14","候選人","本屆競選政見","候選人官方頁、政黨頁或候選人具名新聞來源","2026-09-14｜由舊審核資料遷入。","","于仙玲｜小歐盟・市議員候選人｜台灣前進::https://taiwangogo.tw/yu-hsien-ling/","于仙玲｜小歐盟・市議員候選人｜台灣前進::https://taiwangogo.tw/yu-hsien-ling/","于仙玲｜小歐盟・市議員候選人｜台灣前進::https://taiwangogo.tw/yu-hsien-ling/","","","人工審核",""
"candidate-hcc-councilor-li-mei-001","新竹市","縣市議員","李玫","台灣民眾黨","藝文活動|文化教育|地方文化與社區營造|文化場館|視覺藝術|藝文節慶|美術館","深耕在地藝文培育。","美學城市：活化古城故事，讓藝文融入生活。","深耕在地藝文培育：增加各校藝文教育預算，並定期辦理培育工作坊，支持南區在地藝術團體發展。||打造常態藝術季：爭取藝文活動每年固定在南區設場，結合走讀文化，讓城市故事成為孩子的教具。||爭取專業美學空間：積極規劃專屬新竹市的美術館大空間，提供高品質展演場域，提升城市美學底蘊。","","2026-09-08","台灣民眾黨｜李玫 2026 候選人頁","https://www.tpp.org.tw/election2026/candidatedetail.php?cid=200","政黨候選人頁","2026-10-10","候選人","本屆競選政見","候選人官方頁、政黨頁或候選人具名新聞來源","2026-09-14｜由舊審核資料遷入。||2026-10-03｜合併 candidate-hsinchu-councilor-li-mei-arts-001 的重複官方候選人頁內容；保留既有 ID，補「視覺藝術」細標籤，不以場地描述標示為美術館。||2026-10-10｜依原文修正。","","台灣民眾黨｜李玫 2026 候選人頁::https://www.tpp.org.tw/election2026/candidatedetail.php?cid=200","台灣民眾黨｜李玫 2026 候選人頁::https://www.tpp.org.tw/election2026/candidatedetail.php?cid=200","台灣民眾黨｜李玫 2026 候選人頁::https://www.tpp.org.tw/election2026/candidatedetail.php?cid=200","","","人工審核",""
"candidate-cha-councilor-kao-tsai-ling-001","彰化縣","縣市議員","高采翎","台灣民眾黨","原住民族文化|多元語言|文化教育|青年返鄉","提出「族語扎根傳承」與「原青返鄉築夢」，以教育、日常使用與青年返鄉支持原住民族語言及文化延續。","讓族語傳承從單次活動走向長期的教育與生活支持，並支持原住民青年返鄉發展。","推動族語扎根傳承。||支持原住民青年返鄉築夢。","","2026-09-08","台灣民眾黨｜高采翎 2026 候選人頁","https://www.tpp.org.tw/2026election/candidatedetail.php?cid=212","政黨候選人頁","2026-09-14","候選人","本屆競選政見","候選人官方頁、政黨頁或候選人具名新聞來源","2026-09-14｜由舊審核資料遷入。||2026-10-03｜合併 candidate-changhua-councilor-kao-tsai-ling-language-001 的同一官方候選人頁內容；保留既有 ID，補入原青返鄉築夢。","","台灣民眾黨｜高采翎 2026 候選人頁::https://www.tpp.org.tw/2026election/candidatedetail.php?cid=212","台灣民眾黨｜高采翎 2026 候選人頁::https://www.tpp.org.tw/2026election/candidatedetail.php?cid=212","台灣民眾黨｜高采翎 2026 候選人頁::https://www.tpp.org.tw/2026election/candidatedetail.php?cid=212","","","人工審核",""
"candidate-khh-councilor-lin-yu-kai-001","高雄市","縣市議員","林于凱","台灣民眾黨","客家文化|文化教育","提出持續推動客語教育，支持客家語言的日常傳承。","以教育作為客語傳承的長期基礎。","持續推動客語教育。","","2026-09-08","台灣民眾黨｜林于凱 2026 候選人頁","https://www.tpp.org.tw/election2026/candidatedetail.php?cid=187","政黨候選人頁","2026-09-14","候選人","本屆競選政見","候選人官方頁、政黨頁或候選人具名新聞來源","2026-09-14｜由舊審核資料遷入。","","台灣民眾黨｜林于凱 2026 候選人頁::https://www.tpp.org.tw/election2026/candidatedetail.php?cid=187","台灣民眾黨｜林于凱 2026 候選人頁::https://www.tpp.org.tw/election2026/candidatedetail.php?cid=187","台灣民眾黨｜林于凱 2026 候選人頁::https://www.tpp.org.tw/election2026/candidatedetail.php?cid=187","","","人工審核",""
"candidate-tpe-councilor-lin-hsiao-wei-001","臺北市","縣市議員","林筱薇","無黨籍","原住民族文化|多元語言|文化教育|節慶與民俗文化","主張都市原住民族政策不應只停留在文化活動或節慶補助，而要形成涵蓋居住、就業、語言、文化學習、照顧與決策參與的支持制度。","以制度性資源支持都市原住民族文化學習、人才發展與公共參與。","建立都市原住民發展支持系統。||推動都市原住民族多元人才規劃。||提高文化學習歷程在特殊選才的採計比重。||提供文化語言、藝術、音樂、影像與設計等領域升學與就業支持。","","2026-09-08","林筱薇 2026 臺北市平地原住民議員候選人｜政見","https://www.imvlin.com/whatvdo","候選人原文","2026-10-01","候選人","本屆競選政見","候選人官方頁、政黨頁或候選人具名新聞來源","2026-09-14｜由舊審核資料遷入。||2026-10-01｜政黨由「小民參政歐巴桑聯盟」更正為「無黨籍」：依中選會115年地方公職人員選舉候選人登記名冊，臺北市第7選舉區登記姓名「林筱薇IcyangTamana」、推薦之政黨為「無」。擔任政黨職務（如發言人）不等於接受政黨推薦參選，政黨欄位以中選會推薦紀錄為準。","","林筱薇 2026 臺北市平地原住民議員候選人｜政見::https://www.imvlin.com/whatvdo","林筱薇 2026 臺北市平地原住民議員候選人｜政見::https://www.imvlin.com/whatvdo","林筱薇 2026 臺北市平地原住民議員候選人｜政見::https://www.imvlin.com/whatvdo","","","AI初審待複核",""
"candidate-tpe-councilor-wu-hsin-tai-001","臺北市","縣市議員","吳欣岱","台灣基進","多元語言|文化教育|文化觀光","提出「母語永傳承」，以台語實驗小學、本土語言優先的地名英譯與文化景點導覽，推動臺北市的母語公共使用。","將母語帶入教育、城市命名與文化觀光資訊，擴大其公共可見度。","成立第一所台語實驗小學。||在地英譯名以本土語言優先。||盤點文化景點並製作本土語言導覽資訊。","以「母語永傳承」概括政策方向。","2026-09-08","吳欣岱｜台灣基進・市議員候選人｜台灣前進","https://taiwangogo.tw/wu-hsin-tai/","候選人頁","2026-09-14","候選人","本屆競選政見","候選人官方頁、政黨頁或候選人具名新聞來源","2026-09-14｜由舊審核資料遷入。","","吳欣岱｜台灣基進・市議員候選人｜台灣前進::https://taiwangogo.tw/wu-hsin-tai/","吳欣岱｜台灣基進・市議員候選人｜台灣前進::https://taiwangogo.tw/wu-hsin-tai/","吳欣岱｜台灣基進・市議員候選人｜台灣前進::https://taiwangogo.tw/wu-hsin-tai/","","","人工審核",""
"candidate-ntpc-councilor-chen-yu-chieh-001","新北市","縣市議員","陳語倢","台灣民眾黨","文化觀光|文化產業與文創|地方文化與社區營造|傳統市場|青年","提出整合北海岸觀光網、提升旅遊文化體驗，並以青年創業與社區文創活化地方特色，推動傳統市場轉型。","以文化觀光串連地方產業、青年創業與社區文創亮點。","整合北海岸觀光網。||提升旅遊文化體驗。||輔導青年創業與新產業。||活化社區文創亮點。||推動傳統市場轉型。","","2026-09-09","台灣民眾黨｜陳語倢","https://www.tpp.org.tw/election2026/candidatedetail.php?cid=161","政黨候選人頁","2026-09-14","候選人","本屆競選政見","候選人官方頁、政黨頁或候選人具名新聞來源","2026-09-14｜由舊審核資料遷入。||2026-10-03｜合併 candidate-ntpc-councilor-chen-yu-chieh-cultural-tourism-001 的同一官方候選人頁內容；保留既有 ID，補入傳統市場轉型措施。","","台灣民眾黨｜陳語倢::https://www.tpp.org.tw/election2026/candidatedetail.php?cid=161","台灣民眾黨｜陳語倢::https://www.tpp.org.tw/election2026/candidatedetail.php?cid=161","台灣民眾黨｜陳語倢::https://www.tpp.org.tw/election2026/candidatedetail.php?cid=161","","","人工審核",""
"candidate-khh-councilor-hsueh-chao-chi-001","高雄市","縣市議員","薛兆基","無黨籍","文化觀光|宗教觀光","主張串連半屏山、孔廟、蓮池潭與大小龜山，打造兼具宗教文化、夜間景觀與雙語導覽的文化觀光路線。","以低擾民的燈光營造、交通改善與雙語導覽，提升傳統宗教景點的文化旅遊體驗。","串連半屏山、孔廟、蓮池潭與大小龜山的夜間觀光路線。||於傳統宗教特色區進行低擾民燈光營造。||改善停車、交通、環境衛生及雙語導覽設施。","","2026-09-08","薛兆基｜台灣前進・市議員候選人｜台灣前進","https://taiwangogo.tw/hsueh-chao-chi/","候選人頁","2026-10-01","候選人","本屆競選政見","候選人官方頁、政黨頁或候選人具名新聞來源","2026-09-14｜由舊審核資料遷入。||2026-10-01｜政黨由「台灣前進」更正為「無黨籍」：依中選會115年地方公職人員選舉候選人登記名冊，高雄市第4選舉區登記姓名「薛兆基」、推薦之政黨為「無」。「台灣前進」為小黨與無黨籍候選人的聯合，並非中選會登記的推薦政黨；政黨欄位以中選會推薦紀錄為準。||2026-10-03｜依資料稽核修正與內容不符的細標籤。","","薛兆基｜台灣前進・市議員候選人｜台灣前進::https://taiwangogo.tw/hsueh-chao-chi/","薛兆基｜台灣前進・市議員候選人｜台灣前進::https://taiwangogo.tw/hsueh-chao-chi/","薛兆基｜台灣前進・市議員候選人｜台灣前進::https://taiwangogo.tw/hsueh-chao-chi/","","","AI初審待複核",""
"candidate-hualien-mayor-wei-chia-hsien-002","花蓮縣","縣市長","魏嘉賢","無黨籍","原住民族文化|文化觀光|地方文化|文化治理|傳統祭儀|藝文節慶|青年","花蓮需要的不只是熱鬧的活動，更需要兼顧文化主體性、地方發展與觀光永續的文化政策。","文化政策不應只是打造一年幾天的大型活動，而應成為支持部落文化傳承、青年留鄉發展與地方觀光永續的基礎。","應清楚定位為觀光展演，而非以傳統年祭作為活動包裝；避免混淆不同族群祭儀與文化內涵。||縣政府更應思考如何將資源投入支持部落自主發展。||唯有讓文化回到部落、讓資源回到部落，建立以部落主體性為核心的文化治理模式。","","2026-07-20","豐年節舉牌遭警帶走 魏嘉賢籲檢討活動定位、尊重原民主體性","https://tw.news.yahoo.com/news/%E8%B1%90%E5%B9%B4%E7%AF%80%E8%88%89%E7%89%8C%E9%81%AD%E8%AD%A6%E5%B8%B6%E8%B5%B0-%E9%AD%8F%E5%98%89%E8%B3%A2%E7%B1%B2%E6%AA%A2%E8%A8%8E%E6%B4%BB%E5%8B%95%E5%AE%9A%E4%BD%8D-%E5%B0%8A%E9%87%8D%E5%8E%9F%E6%B0%91%E4%B8%BB%E9%AB%94%E6%80%A7-025436742.html","新聞報導","2026-10-10","候選人","本屆競選政見","候選人官方頁、政黨頁或候選人具名新聞來源","2026-09-14｜由審核資料轉列候選人政見；原始收錄類型為民間政策訴求，經補查確認為候選人提出的具體文化政策主張。||依原文修正（2026-10-10）","","豐年節舉牌遭警帶走 魏嘉賢籲檢討活動定位、尊重原民主體性::https://tw.news.yahoo.com/news/%E8%B1%90%E5%B9%B4%E7%AF%80%E8%88%89%E7%89%8C%E9%81%AD%E8%AD%A6%E5%B8%B6%E8%B5%B0-%E9%AD%8F%E5%98%89%E8%B3%A2%E7%B1%B2%E6%AA%A2%E8%A8%8E%E6%B4%BB%E5%8B%95%E5%AE%9A%E4%BD%8D-%E5%B0%8A%E9%87%8D%E5%8E%9F%E6%B0%91%E4%B8%BB%E9%AB%94%E6%80%A7-025436742.html","豐年節舉牌遭警帶走 魏嘉賢籲檢討活動定位、尊重原民主體性::https://tw.news.yahoo.com/news/%E8%B1%90%E5%B9%B4%E7%AF%80%E8%88%89%E7%89%8C%E9%81%AD%E8%AD%A6%E5%B8%B6%E8%B5%B0-%E9%AD%8F%E5%98%89%E8%B3%A2%E7%B1%B2%E6%AA%A2%E8%A8%8E%E6%B4%BB%E5%8B%95%E5%AE%9A%E4%BD%8D-%E5%B0%8A%E9%87%8D%E5%8E%9F%E6%B0%91%E4%B8%BB%E9%AB%94%E6%80%A7-025436742.html","豐年節舉牌遭警帶走 魏嘉賢籲檢討活動定位、尊重原民主體性::https://tw.news.yahoo.com/news/%E8%B1%90%E5%B9%B4%E7%AF%80%E8%88%89%E7%89%8C%E9%81%AD%E8%AD%A6%E5%B8%B6%E8%B5%B0-%E9%AD%8F%E5%98%89%E8%B3%A2%E7%B1%B2%E6%AA%A2%E8%A8%8E%E6%B4%BB%E5%8B%95%E5%AE%9A%E4%BD%8D-%E5%B0%8A%E9%87%8D%E5%8E%9F%E6%B0%91%E4%B8%BB%E9%AB%94%E6%80%A7-025436742.html","","","人工審核",""
candidate-sheet-draft-20260916-07,新竹縣,縣市長,鄭朝方,民主進步黨,圖書館|文化設施|閱讀文化,鄭朝方上任後將推動「特色圖書館」延伸全新竹縣。,推動「特色圖書館」延伸全新竹縣。,推動「特色圖書館」延伸全新竹縣。,,2026-09-11,2026/9/11｜鏡報｜務實建設翻轉鄉鎮治理 鄭朝方上任推「特色圖書館」延伸全新竹縣 - 鏡報,https://tw.news.yahoo.com/%E5%8B%99%E5%AF%A6%E5%BB%BA%E8%A8%AD%E7%BF%BB%E8%BD%89%E9%84%89%E9%8E%AE%E6%B2%BB%E7%90%86-%E9%84%AD%E6%9C%9D%E6%96%B9-%E7%99%BC%E5%B1%95%E7%89%B9%E8%89%B2%E5%9C%96%E6%9B%B8%E9%A4%A8%E5%BB%B6%E4%BC%B8%E5%85%A8%E7%AB%B9%E7%B8%A3-083000132.html,新聞報導,2026-10-10,候選人,本屆競選政見,候選人官方頁、政黨頁或候選人具名新聞來源,2026-09-16｜由 Google Sheet draft-20260916-07 整合稿發布。||2026-10-03｜發布日期由匯入日期更正為來源標題所載報導日期 2026-09-11。||2026-10-03｜來源網址由 Google 新聞轉址改為可直接開啟的原始／刊登報導網址。||2026-10-10｜依原文修正。,,2026/9/11｜鏡報｜務實建設翻轉鄉鎮治理 鄭朝方上任推「特色圖書館」延伸全新竹縣 - 鏡報::https://tw.news.yahoo.com/%E5%8B%99%E5%AF%A6%E5%BB%BA%E8%A8%AD%E7%BF%BB%E8%BD%89%E9%84%89%E9%8E%AE%E6%B2%BB%E7%90%86-%E9%84%AD%E6%9C%9D%E6%96%B9-%E7%99%BC%E5%B1%95%E7%89%B9%E8%89%B2%E5%9C%96%E6%9B%B8%E9%A4%A8%E5%BB%B6%E4%BC%B8%E5%85%A8%E7%AB%B9%E7%B8%A3-083000132.html,2026/9/11｜鏡報｜務實建設翻轉鄉鎮治理 鄭朝方上任推「特色圖書館」延伸全新竹縣 - 鏡報::https://tw.news.yahoo.com/%E5%8B%99%E5%AF%A6%E5%BB%BA%E8%A8%AD%E7%BF%BB%E8%BD%89%E9%84%89%E9%8E%AE%E6%B2%BB%E7%90%86-%E9%84%AD%E6%9C%9D%E6%96%B9-%E7%99%BC%E5%B1%95%E7%89%B9%E8%89%B2%E5%9C%96%E6%9B%B8%E9%A4%A8%E5%BB%B6%E4%BC%B8%E5%85%A8%E7%AB%B9%E7%B8%A3-083000132.html,2026/9/11｜鏡報｜務實建設翻轉鄉鎮治理 鄭朝方上任推「特色圖書館」延伸全新竹縣 - 鏡報::https://tw.news.yahoo.com/%E5%8B%99%E5%AF%A6%E5%BB%BA%E8%A8%AD%E7%BF%BB%E8%BD%89%E9%84%89%E9%8E%AE%E6%B2%BB%E7%90%86-%E9%84%AD%E6%9C%9D%E6%96%B9-%E7%99%BC%E5%B1%95%E7%89%B9%E8%89%B2%E5%9C%96%E6%9B%B8%E9%A4%A8%E5%BB%B6%E4%BC%B8%E5%85%A8%E7%AB%B9%E7%B8%A3-083000132.html,,,人工審核,特色圖書館
"candidate-sheet-draft-20260916-09","臺中市","縣市長","何欣純","民主進步黨","舊城活化|文化資產|城市文化","推動舊城再生，串聯台中車站、綠川、柳川、台中州廳、國漫館及周邊景點，打造中城文化觀光廊帶。","推動舊城再生。","推動舊城再生，串聯台中車站、綠川、柳川、台中州廳、國漫館及周邊景點，打造中城文化觀光廊帶。","","2026-08-07","何欣純官方網站｜未來政策","https://a-chun.tw/future","候選人官方網站","2026-10-10","候選人","本屆競選政見","候選人官方頁、政黨頁或候選人具名新聞來源","2026-09-16｜由 Google Sheet draft-20260916-09 整合稿發布。||2026-10-03｜發布日期由匯入日期更正為來源標題所載報導日期 2026-08-07。||2026-10-10｜依原文修正。||依原文修正（2026-10-10）||2026-10-10｜移除 Google 新聞轉址，改用候選人官方頁。","","何欣純官方網站｜未來政策::https://a-chun.tw/future","何欣純官方網站｜未來政策::https://a-chun.tw/future","何欣純官方網站｜未來政策::https://a-chun.tw/future","","","人工審核",""
candidate-sheet-draft-20260916-10,臺中市,縣市長,江啟臣,中國國民黨,舊城活化|城市文化|表演藝術|文化產業|國際文化交流,推動「星光計畫」點亮舊城區。,市府要用文化搭台、經濟唱戲，讓臺中成為日夜都有「臺中味」的生活美學城市。,推動星光計畫與國際交流。||文化創投與人才孵化。||推動巷弄文化小蜜蜂。,,2026-08-30,臺中味｜臺中未來：推動「星光計畫」點亮舊城區,https://taichungway.tw/future,候選人官方網站,2026-10-10,候選人,本屆競選政見,候選人官方頁、政黨頁或候選人具名新聞來源,2026-09-16｜由 Google Sheet draft-20260916-10 整合稿發布。||2026-09-17｜整合已審核官方政見頁：補入星光計畫、文化創投與巷弄文化小蜜蜂。||2026-10-03｜發布日期由匯入日期更正為來源標題所載報導日期 2026-08-30。||2026-10-03｜來源網址由 Google 新聞轉址改為可直接開啟的原始／刊登報導網址。||2026-10-03｜依資料稽核修正與內容不符的細標籤。||依原文修正（2026-10-10）,,臺中味｜臺中未來：推動「星光計畫」點亮舊城區::https://taichungway.tw/future,臺中味｜臺中未來：推動「星光計畫」點亮舊城區::https://taichungway.tw/future,臺中味｜臺中未來：推動「星光計畫」點亮舊城區::https://taichungway.tw/future,,,人工審核,
"candidate-sheet-draft-20260916-11","臺中市","縣市長","江啟臣","中國國民黨","新住民文化|多元文化","成立「國際合作發展委員會」。","納入新住民及其二代參與。","新住民微型創業貸款利息補貼。||升級母語法律與心理諮詢。||啟動新二代國際領航計劃。||成立「國際合作發展委員會」。","","2026-09-08","2026/9/8｜中華新聞雲／中華日報｜江啟臣提新住民四大政策 讓多元文化成為青年走向世界的優勢 - 中華新聞雲／中華日報","https://udn.com/vote2026/story/124652/9741344","新聞報導","2026-10-10","候選人","本屆競選政見","候選人官方頁、政黨頁或候選人具名新聞來源","2026-09-16｜由 Google Sheet draft-20260916-11 整合稿發布。||2026-10-03｜發布日期由匯入日期更正為來源標題所載報導日期 2026-09-08。||2026-10-03｜來源網址由 Google 新聞轉址改為可直接開啟的原始／刊登報導網址。||2026-10-03｜依資料稽核修正與內容不符的細標籤。||2026-10-10｜依原文修正。||2026-10-10｜Google 新聞轉址改為原始報導網址。","https://newtalk.tw/news/view/2026-09-08/1058547||https://news.st-media.com.tw/news/62564","2026/9/8｜中華新聞雲／中華日報｜江啟臣提新住民四大政策 讓多元文化成為青年走向世界的優勢 - 中華新聞雲／中華日報::https://udn.com/vote2026/story/124652/9741344","2026/9/8｜中華新聞雲／中華日報｜江啟臣提新住民四大政策 讓多元文化成為青年走向世界的優勢 - 中華新聞雲／中華日報::https://udn.com/vote2026/story/124652/9741344","2026/9/8｜中華新聞雲／中華日報｜江啟臣提新住民四大政策 讓多元文化成為青年走向世界的優勢 - 中華新聞雲／中華日報::https://udn.com/vote2026/story/124652/9741344","","同一場新住民政策發布由多家媒體報導。","人工審核",""
candidate-sheet-draft-20260916-18,臺南市,縣市長,陳亭妃,民主進步黨,文化觀光|地方創生|數位文化,「五大觀光軸」不是要再大量興建新景點，而是把臺南既有珍貴資產重新串起來。,「五大觀光軸」不是要再大量興建新景點，而是把臺南既有珍貴資產重新串起來。,第一軸「大新營」串聯新營、鹽水、柳營、後壁、白河，結合月津港藝術燈節、糖業文化、農村風光及地方美食。||第二軸「曾文南科」整合善化、新市、麻豆、大內、官田，串聯科技產業、農業、歷史文化及地方創生。||第三軸「濱海藍帶」從南區、安平、安南延伸至七股、將軍、北門，整合黃金海岸、四草綠色隧道、台江國家公園、鹽田、漁村及海洋生態。||第四軸「大目降」串聯新化等山城地區，整合老街、農產及草山月世界、牛埔泥岩等自然景觀。||第五軸「府城新豐」則以城市觀光為核心，串聯中西區歷史街區、孔廟、赤崁五條港、國華友愛、海安路，以及安平、永華、成大與站前商圈。,,2026-09-01,勁報｜陳亭妃發表「五大觀光軸」AI政見,https://twpowernews.com/news_pagein.php?iType=1010&n_id=295240,新聞報導,2026-10-10,候選人,本屆競選政見,候選人官方頁、政黨頁或候選人具名新聞來源,2026-09-16｜由 Google Sheet draft-20260916-18 整合稿發布。||2026-10-03｜發布日期由匯入日期更正為來源標題所載報導日期 2026-09-01。||2026-10-03｜來源網址由 Google 新聞轉址改為可直接開啟的原始／刊登報導網址。||2026-10-10｜依原文修正。,,勁報｜陳亭妃發表「五大觀光軸」AI政見::https://twpowernews.com/news_pagein.php?iType=1010&n_id=295240,勁報｜陳亭妃發表「五大觀光軸」AI政見::https://twpowernews.com/news_pagein.php?iType=1010&n_id=295240,勁報｜陳亭妃發表「五大觀光軸」AI政見::https://twpowernews.com/news_pagein.php?iType=1010&n_id=295240,,同一場政見發布由勁報與聯合報報導。,人工審核,五大觀光軸
candidate-sheet-draft-20260916-19,高雄市,縣市長,賴瑞隆,民主進步黨,客家文化|文化觀光,提出三大政策，推動客語復興與傳承、保存創新客家文化並培育後生人才、建立高雄客家品牌。,打造文化與經濟並行的「高雄客家文化城」。,將擴大校園與社區沉浸式客語教學，增加學習資源與師資，同時推廣客語友善商家認證。||將結合數位科技保存客家文化資產與口述歷史，透過創新的文化內容推廣客家文化，同時推動人才培育計畫。||將強化「右堆文化路徑」，串聯美濃傳統工藝與特色美食，結合六龜、杉林、甲仙等地特色，打造具國際能見度的客庄觀光廊帶。,,2026-08-21,2026/8/21｜自由時報｜台客盟挺「客家女婿」 賴瑞隆：3政策打造高雄客家文化城- 政治 - 自由時報,https://www.nownews.com/news/6868109,新聞報導,2026-10-10,候選人,本屆競選政見,候選人官方頁、政黨頁或候選人具名新聞來源,2026-09-16｜由 Google Sheet draft-20260916-19 整合稿發布。||2026-10-03｜發布日期由匯入日期更正為來源標題所載報導日期 2026-08-21。||2026-10-03｜來源網址由 Google 新聞轉址改為可直接開啟的原始／刊登報導網址。||依原文修正（2026-10-10）,,2026/8/21｜自由時報｜台客盟挺「客家女婿」 賴瑞隆：3政策打造高雄客家文化城- 政治 - 自由時報::https://www.nownews.com/news/6868109,2026/8/21｜自由時報｜台客盟挺「客家女婿」 賴瑞隆：3政策打造高雄客家文化城- 政治 - 自由時報::https://www.nownews.com/news/6868109,2026/8/21｜自由時報｜台客盟挺「客家女婿」 賴瑞隆：3政策打造高雄客家文化城- 政治 - 自由時報::https://www.nownews.com/news/6868109,,,人工審核,高雄客家文化城
candidate-sheet-draft-20260916-25,臺東縣,縣市長,陳瑩,民主進步黨,新住民文化|多元文化|公民參與,未來將從服務更到位、讓新住民朋友更能參與的方向著手。,未來將從服務更到位、讓新住民朋友更能參與的方向著手。,成立「台東縣新住民諮詢委員會」。||推動「新住民參與式預算」。||增加「新住民社區服務據點」。||建立「新住民巡迴服務團隊」。,,2026-08-10,民進黨｜台東新住民客廳會 陳瑩公布四大新住民政見,https://www.dpp.org.tw/content_print/media/11709,政黨新聞稿,2026-10-10,候選人,本屆競選政見,候選人官方頁、政黨頁或候選人具名新聞來源,2026-09-16｜由 Google Sheet draft-20260916-25 整合稿發布。||2026-10-03｜發布日期由匯入日期更正為來源標題所載報導日期 2026-08-10。||2026-10-03｜來源網址由 Google 新聞轉址改為可直接開啟的原始／刊登報導網址。||2026-10-10｜依原文修正。,,民進黨｜台東新住民客廳會 陳瑩公布四大新住民政見::https://www.dpp.org.tw/content_print/media/11709,民進黨｜台東新住民客廳會 陳瑩公布四大新住民政見::https://www.dpp.org.tw/content_print/media/11709,民進黨｜台東新住民客廳會 陳瑩公布四大新住民政見::https://www.dpp.org.tw/content_print/media/11709,,黨部與經濟日報均有報導。||待查：Google 新聞轉址尚未確認原始報導網址。,人工審核,
candidate-sheet-draft-20260916-01,基隆市,縣市長,童子瑋,民主進步黨,多元族群文化|原住民族文化|客家文化|多元語言|傳統祭儀,力推「母語扎根」、持續更新客家文化據點與會館設備。,力推「母語扎根」、持續更新客家文化據點與會館設備。,力推「母語扎根」、持續更新客家文化據點與會館設備。,,2026-08-30,2026/8/30｜UDN｜出席客家義民嘉年華 童子瑋：擔任市長成立族群關係處、力推母語扎根,https://udn.com/news/story/7328/9723333?from=udn-catebreaknews_ch2,新聞報導,2026-10-10,候選人,本屆競選政見,候選人官方頁、政黨頁或候選人具名新聞來源,2026-09-17｜由 Google Sheet draft-20260916-01 整合稿發布。||2026-10-03｜來源網址由 Google 新聞轉址改為可直接開啟的原始／刊登報導網址。||2026-10-10｜依原文修正。||依原文修正（2026-10-10）,,2026/8/30｜UDN｜出席客家義民嘉年華 童子瑋：擔任市長成立族群關係處、力推母語扎根::https://udn.com/news/story/7328/9723333?from=udn-catebreaknews_ch2,2026/8/30｜UDN｜出席客家義民嘉年華 童子瑋：擔任市長成立族群關係處、力推母語扎根::https://udn.com/news/story/7328/9723333?from=udn-catebreaknews_ch2,2026/8/30｜UDN｜出席客家義民嘉年華 童子瑋：擔任市長成立族群關係處、力推母語扎根::https://udn.com/news/story/7328/9723333?from=udn-catebreaknews_ch2,,,人工審核,
"candidate-sheet-draft-20260916-02","基隆市","縣市長","謝國樑","中國國民黨","原住民族文化|文化治理|傳統祭儀","市府致力讓原民朋友有好工作、好生活，把原民的文化傳統流傳下來，建設基隆成為原住民的第二個故鄉。","市府致力讓原民朋友有好工作、好生活，把原民的文化傳統流傳下來，建設基隆成為原住民的第二個故鄉。","市府致力讓原民朋友有好工作、好生活，把原民的文化傳統流傳下來，建設基隆成為原住民的第二個故鄉。","","2026-08-29","自由時報｜基隆原住民豐年祭童子瑋、謝國樑同台提原民政見","https://tw.news.yahoo.com/%E5%9F%BA%E9%9A%86%E5%8E%9F%E4%BD%8F%E6%B0%91%E8%B1%90%E5%B9%B4%E7%A5%AD-%E7%AB%A5%E5%AD%90%E7%91%8B-%E8%AC%9D%E5%9C%8B%E6%A8%91%E5%90%8C%E5%8F%B0%E6%8F%90%E5%8E%9F%E6%B0%91%E6%94%BF%E8%A6%8B-050905950.html","新聞報導","2026-10-10","候選人","現任首長施政","現任基隆市長，2026 登記參選連任","2026-09-17｜由 Google Sheet draft-20260916-02 整合稿發布。||2026-10-03｜來源網址由 Google 新聞轉址改為可直接開啟的原始／刊登報導網址。||2026-10-03｜依資料稽核修正與內容不符的細標籤。||2026-10-10｜依原文修正。||2026-10-10｜依原文修正。","","自由時報｜基隆原住民豐年祭童子瑋、謝國樑同台提原民政見::https://tw.news.yahoo.com/%E5%9F%BA%E9%9A%86%E5%8E%9F%E4%BD%8F%E6%B0%91%E8%B1%90%E5%B9%B4%E7%A5%AD-%E7%AB%A5%E5%AD%90%E7%91%8B-%E8%AC%9D%E5%9C%8B%E6%A8%91%E5%90%8C%E5%8F%B0%E6%8F%90%E5%8E%9F%E6%B0%91%E6%94%BF%E8%A6%8B-050905950.html","自由時報｜基隆原住民豐年祭童子瑋、謝國樑同台提原民政見::https://tw.news.yahoo.com/%E5%9F%BA%E9%9A%86%E5%8E%9F%E4%BD%8F%E6%B0%91%E8%B1%90%E5%B9%B4%E7%A5%AD-%E7%AB%A5%E5%AD%90%E7%91%8B-%E8%AC%9D%E5%9C%8B%E6%A8%91%E5%90%8C%E5%8F%B0%E6%8F%90%E5%8E%9F%E6%B0%91%E6%94%BF%E8%A6%8B-050905950.html","基隆市政府｜基隆原住民聯合豐年祭熱鬧登場::https://www.klcg.gov.tw/tw/personnel/2631-321649.html","","","人工審核",""
candidate-sheet-draft-20260916-04,新北市,縣市長,蘇巧慧,民主進步黨,客家文化|多元語言|文化科技,未來她不僅將持續推廣客語教育，擴大辦理客家信仰文化活動。,結合新科技，建立「新北AI客語學習平台」。,持續推廣客語教育，擴大辦理客家信仰文化活動，同時挹注客家文史團體和地方社團。||結合新科技，建立「新北AI客語學習平台」。,,2026-08-30,聯合報｜蘇巧慧成立客家後援會成立 與金曲歌后飆客家歌嗨翻鄉親,https://udn.com/news/amp/story/124652/9722811,新聞報導,2026-10-10,候選人,本屆競選政見,候選人官方頁、政黨頁或候選人具名新聞來源,2026-09-17｜由 Google Sheet draft-20260916-04 整合稿發布。||2026-10-03｜來源網址由 Google 新聞轉址改為可直接開啟的原始／刊登報導網址。||2026-10-10｜依原文修正。||2026-10-10｜依原文修正。,,聯合報｜蘇巧慧成立客家後援會成立 與金曲歌后飆客家歌嗨翻鄉親::https://udn.com/news/amp/story/124652/9722811,聯合報｜蘇巧慧成立客家後援會成立 與金曲歌后飆客家歌嗨翻鄉親::https://udn.com/news/amp/story/124652/9722811,聯合報｜蘇巧慧成立客家後援會成立 與金曲歌后飆客家歌嗨翻鄉親::https://udn.com/news/amp/story/124652/9722811,,,人工審核,
candidate-sheet-draft-20260916-08,新竹縣,縣市長,徐欣瑩,中國國民黨,客家文化|多元語言|文化教育|文化觀光|地方創生,「屋下講客、青春講客、AI講客、講客無障礙」四大政策。,打造客語生活化。,屋下講客。||青春講客。||AI講客。||講客無障礙。,,2026-09-08,2026/9/8｜自由時報｜徐欣瑩推講客新竹 四大政策打造客語生活化,https://news.ltn.com.tw/news/politics/breakingnews/5566445,新聞報導,2026-10-10,候選人,本屆競選政見,候選人官方頁、政黨頁或候選人具名新聞來源,2026-09-17｜由 Google Sheet draft-20260916-08 整合稿發布。||2026-10-03｜來源網址由 Google 新聞轉址改為可直接開啟的原始／刊登報導網址。||2026-10-10｜依原文修正。,,2026/9/8｜自由時報｜徐欣瑩推講客新竹 四大政策打造客語生活化::https://news.ltn.com.tw/news/politics/breakingnews/5566445,2026/9/8｜自由時報｜徐欣瑩推講客新竹 四大政策打造客語生活化::https://news.ltn.com.tw/news/politics/breakingnews/5566445,2026/9/8｜自由時報｜徐欣瑩推講客新竹 四大政策打造客語生活化::https://news.ltn.com.tw/news/politics/breakingnews/5566445,,,人工審核,講客新竹
"candidate-sheet-draft-20260916-12","臺中市","縣市長","江啟臣","中國國民黨","文化觀光|地方發展|交通建設","升級「東勢客家文化園區」，再現山城客家之美。","升級「東勢客家文化園區」，再現山城客家之美。","升級「東勢客家文化園區」，再現山城客家之美。","","2026-09-10","2026/9/10｜臺中市長候選人江啟臣｜從東豐快到文化觀光 江啟臣擘劃山城願景：把建設做到底","https://taichungway.tw/future","候選人原文","2026-10-10","候選人","本屆競選政見","候選人官方頁、政黨頁或候選人具名新聞來源","2026-09-17｜由 Google Sheet draft-20260916-12 整合稿發布。||2026-10-03｜來源網址由 Google 新聞轉址改為可直接開啟的原始／刊登報導網址。||依原文修正（2026-10-10）","","2026/9/10｜臺中市長候選人江啟臣｜從東豐快到文化觀光 江啟臣擘劃山城願景：把建設做到底::https://taichungway.tw/future","2026/9/10｜臺中市長候選人江啟臣｜從東豐快到文化觀光 江啟臣擘劃山城願景：把建設做到底::https://taichungway.tw/future","2026/9/10｜臺中市長候選人江啟臣｜從東豐快到文化觀光 江啟臣擘劃山城願景：把建設做到底::https://taichungway.tw/future","","","人工審核",""
candidate-sheet-draft-20260916-23,高雄市,縣市長,柯志恩,中國國民黨,文化觀光|文化產業|國際交流|高齡友善|藝文節慶|原住民族文化,發展多元文化與觀光，讓城市更有魅力，吸引世界看見高雄。,全新的「觀光經濟五大升級計畫」。,"全力發展郵輪經濟，前兩年挑戰30億元，四年後更要挑戰高達50億元的總產值！||打造「亞洲慶典之都」，目標讓國際旅客入境增長50%。||規劃20條專屬的「長青之旅」路線。||承諾在5年內讓觀光收入成長30%，並為地方創造5,000個嶄新的就業機會。||爭取世界級年會。",訴求城鄉共好與文化共榮。,2026-08-01,柯志恩2026政策網｜大港接軌全球！打造亞洲慶典之都，觀光經濟大躍進,https://kochihen2026.tw/policy/%E6%96%87%E5%8C%96%E8%A7%80%E5%85%89/%E5%A4%A7%E6%B8%AF%E6%8E%A5%E8%BB%8C%E5%85%A8%E7%90%83,候選人官方網站,2026-10-10,候選人,本屆競選政見,候選人官方頁、政黨頁或候選人具名新聞來源,2026-09-17｜由 Google Sheet draft-20260916-23 整合稿發布。||2026-10-10｜依原文修正。||依原文修正（2026-10-10）,,2026/8/1｜柯志恩2026政策網｜文化觀光::https://kochihen2026.tw/policy/%E6%96%87%E5%8C%96%E8%A7%80%E5%85%89,2026/8/1｜柯志恩2026政策網｜文化觀光::https://kochihen2026.tw/policy/%E6%96%87%E5%8C%96%E8%A7%80%E5%85%89,柯志恩2026政策網｜大港接軌全球！打造亞洲慶典之都，觀光經濟大躍進::https://kochihen2026.tw/policy/%E6%96%87%E5%8C%96%E8%A7%80%E5%85%89/%E5%A4%A7%E6%B8%AF%E6%8E%A5%E8%BB%8C%E5%85%A8%E7%90%83,,,人工審核,觀光經濟五大升級計畫
candidate-tpe-mayor-shen-boyang-cultural-trails-002,臺北市,縣市長,沈伯洋,民主進步黨,文化資產|地方文史|產業文化|多元族群|文化觀光|文化場館|數位文化,由「點 —— 線 —— 面」構成多元的台北文化生態系。,規劃四大主題，讓大家透過走路、登山、參觀和導覽，重新認識台北的歷史、產業、多元族群和人權記憶。,以四大主題作為推動主軸，將文化資產、地方場景、歷史故事與服務節點串成可被民眾辨識的文化網絡。||在北劍潭、東象山、南貓空建立整合服務據點。||三座中心將提供登山杖、雨具、頭燈、輕量背包等裝備租借，以及置物櫃、更衣室、洗鞋區等基本服務。,,2026-09-08,台北文化徑×山林徑 — 沈伯洋台北市長競選官方網站,https://puma.taipei/policies/%E5%8F%B0%E5%8C%97%E6%96%87%E5%8C%96%E5%BE%91%C3%97%E5%B1%B1%E6%9E%97%E5%BE%91,候選人原文,2026-10-10,候選人,本屆競選政見,候選人官方頁、政黨頁或候選人具名新聞來源,2026-10-01｜中選會名冊核對與人工審核完成；由 mayor-official-site-updates.csv 上架。||2026-10-03｜合併 candidate-tpe-mayor-shen-boyang-002 的同一文化徑×山林徑政策；保留候選人官網完整版，公共媒體報導改列附屬來源。||2026-10-10｜依原文修正。,https://news.pts.org.tw/article/826016,台北文化徑×山林徑 — 沈伯洋台北市長競選官方網站::https://puma.taipei/policies/%E5%8F%B0%E5%8C%97%E6%96%87%E5%8C%96%E5%BE%91%C3%97%E5%B1%B1%E6%9E%97%E5%BE%91,台北文化徑×山林徑 — 沈伯洋台北市長競選官方網站::https://puma.taipei/policies/%E5%8F%B0%E5%8C%97%E6%96%87%E5%8C%96%E5%BE%91%C3%97%E5%B1%B1%E6%9E%97%E5%BE%91,台北文化徑×山林徑 — 沈伯洋台北市長競選官方網站::https://puma.taipei/policies/%E5%8F%B0%E5%8C%97%E6%96%87%E5%8C%96%E5%BE%91%C3%97%E5%B1%B1%E6%9E%97%E5%BE%91,,官方頁附2026年9月8日記者會簡報；本筆補充既有文化廊道資料的具體措施。,AI初審待複核,台北文化徑×山林徑
candidate-ntpc-mayor-su-chiao-hui-indigenous-002,新北市,縣市長,蘇巧慧,民主進步黨,原住民族文化|族語傳承|部落文化|文化空間|青年文化|文化預算|傳統祭儀,新北市原住民族預算翻轉計畫，使新北原住民「人均預算加倍、照顧也加倍」。,讓原住民族文化能繼續扎根。,提高社團補助上限，降低自籌款比例。||新增原住民族語言能力認證獎勵級別。||擴大原住民返鄉參加歲時祭儀等活動之交通費補助。||新增頭目文化傳承事務費。,,2026-10-01,三大原住民族政見 - 蘇巧慧 2026｜溫暖·創新·會做事,https://chiao.tw/policies/%E4%B8%89%E5%A4%A7%E5%8E%9F%E4%BD%8F%E6%B0%91%E6%97%8F%E6%94%BF%E8%A6%8B,候選人原文,2026-10-10,候選人,本屆競選政見,候選人官方頁、政黨頁或候選人具名新聞來源,2026-10-01｜中選會名冊核對與人工審核完成；官方頁無發布日期，依人工核定日期登錄；由 mayor-official-site-updates.csv 上架。||2026-10-10｜依原文修正。,,三大原住民族政見 - 蘇巧慧 2026｜溫暖·創新·會做事::https://chiao.tw/policies/%E4%B8%89%E5%A4%A7%E5%8E%9F%E4%BD%8F%E6%B0%91%E6%97%8F%E6%94%BF%E8%A6%8B,三大原住民族政見 - 蘇巧慧 2026｜溫暖·創新·會做事::https://chiao.tw/policies/%E4%B8%89%E5%A4%A7%E5%8E%9F%E4%BD%8F%E6%B0%91%E6%97%8F%E6%94%BF%E8%A6%8B,三大原住民族政見 - 蘇巧慧 2026｜溫暖·創新·會做事::https://chiao.tw/policies/%E4%B8%89%E5%A4%A7%E5%8E%9F%E4%BD%8F%E6%B0%91%E6%97%8F%E6%94%BF%E8%A6%8B,,官方頁未標示發布日期，依人工核定日期登錄。,AI初審待複核,
"candidate-kinmen-mayor-chen-yu-zhen-film-001","金門縣","縣市長","陳玉珍","中國國民黨","影視文化|文化交流|文化場館|文化觀光","「金門不能沒有電影院」。","把金門特殊的兩岸區位優勢轉化成文化交流與觀光發展的新契機。","選後將與相關業者好好溝通協調，思考如何透過政府資源提供適當協助，創造好的經營環境，希望設備完善的影城能夠繼續服務金門鄉親。||希望充分利用園區既有空間及地理區位優勢，重新思考園區未來發展與活化的可能性。||未來可以研議是否透過適當機制，增加兩岸優質電影在金門放映的機會。","","2026-09-16","陳玉珍租車宣傳 拋台開活化與電影放映政見","https://www.kmdn.gov.tw/1117/1271/1272/590202/","新聞報導","2026-10-10","候選人","本屆競選政見","候選人官方頁、政黨頁或候選人具名新聞來源","2026-10-01｜中選會名冊核對與人工審核完成；由 mayor-cultural-policy-leads.csv 上架。||依原文修正（2026-10-10）","","陳玉珍租車宣傳 拋台開活化與電影放映政見::https://www.kmdn.gov.tw/1117/1271/1272/590202/","陳玉珍租車宣傳 拋台開活化與電影放映政見::https://www.kmdn.gov.tw/1117/1271/1272/590202/","陳玉珍租車宣傳 拋台開活化與電影放映政見::https://www.kmdn.gov.tw/1117/1271/1272/590202/","","電影放映涉及兩岸配額及法令限制。","AI初審待複核",""
"candidate-taoyuan-mayor-huang-shih-chieh-culture-001","桃園市","縣市長","黃世杰","民主進步黨","多元文化|表演藝術|文化產業|影視文化","推動演唱會經濟，吸引優質的表演團隊選擇桃園。","規劃培養未來教育AI素養與行政支持、族群文化多元好發展等項目。","推動演唱會經濟，吸引優質的表演團隊選擇桃園。||規劃族群文化多元好發展等項目。","","2026-09-23","民進黨行動中常會桃園舉行　黃世杰專題報告政策願景","https://www.cna.com.tw/news/aipl/202609230177.aspx","新聞報導","2026-10-10","候選人","本屆競選政見","候選人官方頁、政黨頁或候選人具名新聞來源","2026-10-01｜中選會名冊核對與人工審核完成；由 mayor-cultural-policy-leads.csv 上架。||2026-10-10｜依原文修正。","","民進黨行動中常會桃園舉行　黃世杰專題報告政策願景::https://www.cna.com.tw/news/aipl/202609230177.aspx","民進黨行動中常會桃園舉行　黃世杰專題報告政策願景::https://www.cna.com.tw/news/aipl/202609230177.aspx","民進黨行動中常會桃園舉行　黃世杰專題報告政策願景::https://www.cna.com.tw/news/aipl/202609230177.aspx","","未載明：預算、期程、執行機制","AI初審待複核",""
"candidate-yilan-mayor-wu-tsung-hsien-indigenous-001","宜蘭縣","縣市長","吳宗憲","中國國民黨","原住民族文化|文化保存|原鄉建設","會與部落領袖合作，推動原鄉建設、觀光與文化保存。","推動原鄉建設、觀光與文化保存。","會與部落領袖合作，推動原鄉建設、觀光與文化保存。","","2026-05-10","吳宗憲、林國漳訪宜蘭大同鄉　提政見爭取原民支持","https://www.cna.com.tw/news/aloc/202605100054.aspx","新聞報導","2026-10-10","候選人","本屆競選政見","候選人官方頁、政黨頁或候選人具名新聞來源","2026-10-01｜中選會名冊核對與人工審核完成；由 mayor-cultural-policy-leads.csv 上架。||2026-10-10｜依原文修正。","","吳宗憲、林國漳訪宜蘭大同鄉　提政見爭取原民支持::https://www.cna.com.tw/news/aloc/202605100054.aspx","吳宗憲、林國漳訪宜蘭大同鄉　提政見爭取原民支持::https://www.cna.com.tw/news/aloc/202605100054.aspx","吳宗憲、林國漳訪宜蘭大同鄉　提政見爭取原民支持::https://www.cna.com.tw/news/aloc/202605100054.aspx","","未載明：文化保存對象、方法、預算、期程","AI初審待複核",""
"candidate-yilan-mayor-lin-kuo-chang-indigenous-001","宜蘭縣","縣市長","林國漳","民主進步黨","原住民族文化|族群參與","不論礦業、地熱發電或觀光開發，都應落實族人參與及知情同意機制。","不論礦業、地熱發電或觀光開發，都應落實族人參與及知情同意機制。","不論礦業、地熱發電或觀光開發，都應落實族人參與及知情同意機制。","","2026-05-10","吳宗憲、林國漳訪宜蘭大同鄉　提政見爭取原民支持","https://www.cna.com.tw/news/aloc/202605100054.aspx","新聞報導","2026-10-10","候選人","本屆競選政見","候選人官方頁、政黨頁或候選人具名新聞來源","2026-10-01｜中選會名冊核對與人工審核完成；由 mayor-cultural-policy-leads.csv 上架。||2026-10-10｜依原文修正。","","吳宗憲、林國漳訪宜蘭大同鄉　提政見爭取原民支持::https://www.cna.com.tw/news/aloc/202605100054.aspx","吳宗憲、林國漳訪宜蘭大同鄉　提政見爭取原民支持::https://www.cna.com.tw/news/aloc/202605100054.aspx","吳宗憲、林國漳訪宜蘭大同鄉　提政見爭取原民支持::https://www.cna.com.tw/news/aloc/202605100054.aspx","","依原文未見「尊重傳統領域土地權利」，已刪除該點。","AI初審待複核",""
"candidate-tcc-councilor-shih-chih-chang-dajia-culture-001","臺中市","縣市議員","施志昌","民主進步黨","地方文化|傳統藝術|文化場館|文化資產|地方文化館|民俗技藝","主張評估籌設「大甲53庄文化館」，系統保存大甲、大安、外埔與后里地區的武館、獅頭及宗教文化。","地方文化資源不應集中於市中心，應以專屬基地保存海線長期累積的武術與民俗文化生態。","評估籌設大甲53庄文化館。||系統保存大甲、大安、外埔與后里四區的武館、獅頭及宗教文化。","指出大甲53庄近兩百年文化因缺乏系統性保存而面臨凋零。","2026-04-20","市議員施志昌為「大甲53庄」請命 促建專屬文化基地 守護全台唯一的武術生態系","https://www.peponews.tw/2026/04/20/248148/","新聞報導","2026-10-01","候選人","現任問政／提案","候選人官方頁、政黨頁或候選人具名新聞來源","2026-10-01｜中選會名冊核對為臺中市第1選舉區、民主進步黨候選人；2026年新聞記載其具體文化主張並完成人工審核。||2026-10-04｜依來源性質更正為現任議員問政／提案。||2026-10-04｜依來源性質更正為現任議員問政／提案。","","市議員施志昌為「大甲53庄」請命 促建專屬文化基地 守護全台唯一的武術生態系::https://www.peponews.tw/2026/04/20/248148/","市議員施志昌為「大甲53庄」請命 促建專屬文化基地 守護全台唯一的武術生態系::https://www.peponews.tw/2026/04/20/248148/","市議員施志昌為「大甲53庄」請命 促建專屬文化基地 守護全台唯一的武術生態系::https://www.peponews.tw/2026/04/20/248148/","","","AI初審待複核",""
"candidate-tpe-councilor-chang-szu-kang-cultural-001","臺北市","縣市議員","張斯綱","中國國民黨","文化資產|歷史建築|文化觀光|社區藝文","候選人競選網站提出守護士林北投自然與歷史人文，爭取修繕及活化北投車站、士林官邸周邊等地方歷史建築，並推動社區藝文活動。","以文化資產保存結合地方情感與永續觀光，讓歷史建築成為社區文化與觀光亮點。","爭取經費修繕與活化北投車站及士林官邸周邊等地方歷史建築。||推動更多社區藝文活動。","","2026-10-01","張斯綱｜臺北市議員候選人小額募款專區","https://careaboutyou.oen.tw/","候選人原文","2026-10-01","候選人","本屆競選政見","候選人官方頁、政黨頁或候選人具名新聞來源","2026-10-01｜中選會登記名冊核對為臺北市第1選舉區、中國國民黨候選人；候選人競選網站人工審核完成。","","張斯綱｜臺北市議員候選人小額募款專區::https://careaboutyou.oen.tw/","張斯綱｜臺北市議員候選人小額募款專區::https://careaboutyou.oen.tw/","張斯綱｜臺北市議員候選人小額募款專區::https://careaboutyou.oen.tw/","","未載明：修繕範圍、預算、完成期程、社區藝文活動執行機制","AI初審待複核",""
"candidate-ntpc-councilor-peng-yi-shu-arts-center-001","新北市","縣市議員","彭一書","民主進步黨","文化場館|表演藝術|地方文化","提出在土城看守所搬遷後的現址打造「複合式國際運動藝文中心」。","以大型複合場館承接土城轉型後的運動與藝文需求。","利用土城看守所搬遷後現址打造複合式國際運動藝文中心。","","2026-07-04","出席彭一書座談會 蘇巧慧：打造土城成為國際運動藝文中心","https://www.dppnt.org.tw/20260704news/","政黨官方候選人新聞","2026-10-01","候選人","本屆競選政見","候選人官方頁、政黨頁或候選人具名新聞來源","2026-10-01｜中選會登記名冊核對為新北市第8選舉區、民主進步黨候選人；民進黨新北市黨部新聞記載彭一書提出該案並完成人工審核。","","出席彭一書座談會 蘇巧慧：打造土城成為國際運動藝文中心::https://www.dppnt.org.tw/20260704news/","出席彭一書座談會 蘇巧慧：打造土城成為國際運動藝文中心::https://www.dppnt.org.tw/20260704news/","出席彭一書座談會 蘇巧慧：打造土城成為國際運動藝文中心::https://www.dppnt.org.tw/20260704news/","","未載明：場館面積、藝文設施內容、預算來源、營運方式、完成期程","AI初審待複核",""
"candidate-tnn-councilor-yu-chu-ching-damujian-001","臺南市","縣市議員","余柷青","民主進步黨","文化資產|文化觀光|文化場館|地方文化","主張全面盤點改善新化大目降文化園區，整體規劃武德殿、日式宿舍街區與周邊設施的修繕、安全、景觀及遊憩動線。","文化資產維護不應僅作單點修繕，應結合建築修繕、通行安全、環境景觀與遊憩動線，形成完整文化觀光場域。","全面盤點大目降文化園區。||改善武德殿漏水與園區步道隆起。||整合日式宿舍街區、廁所前廣場及周邊設施的修繕、安全與景觀。","指出武德殿及日式宿舍群為重要文化資產，要求文化局與新化區公所逐項確認改善方式。","2026-09-24","重新點亮新化，擦亮新化文化大門！推動大目降文化園區全面盤點改善","https://www.tncc.gov.tw/page.asp?mainid=C9969289-4B16-4C32-8BE4-F7EA25C6BACC","候選人原文","2026-10-01","待判定","現任問政／提案","議會提案或新聞頁；不是議會個人頁","2026-10-01｜中選會名冊核對為臺南市第5選舉區、民主進步黨候選人；臺南市議會 2026 年 9 月 24 日頁面記載其具體文化主張並完成人工審核。","","重新點亮新化，擦亮新化文化大門！推動大目降文化園區全面盤點改善::https://www.tncc.gov.tw/page.asp?mainid=C9969289-4B16-4C32-8BE4-F7EA25C6BACC","重新點亮新化，擦亮新化文化大門！推動大目降文化園區全面盤點改善::https://www.tncc.gov.tw/page.asp?mainid=C9969289-4B16-4C32-8BE4-F7EA25C6BACC","重新點亮新化，擦亮新化文化大門！推動大目降文化園區全面盤點改善::https://www.tncc.gov.tw/page.asp?mainid=C9969289-4B16-4C32-8BE4-F7EA25C6BACC","","","AI初審待複核",""
"candidate-tnn-councilor-chen-chiu-ping-local-culture-001","臺南市","縣市議員","陳秋萍","民主進步黨","地方文化|社區營造|文化產業","主張構築文化網絡系統，推動在地文化資源多元應用及創意加值，以發揚在地文化特色並形塑社區品牌。","地方文化應透過網絡串連、資源應用與創意加值，轉化為社區的文化特色與品牌。","構築文化網絡系統。||推動在地文化資源多元應用及創意加值。||發揚在地文化特色並形塑社區品牌。","","2026-07-30","臺南市議會｜陳秋萍","https://www.tncc.gov.tw/councilorpage.asp?mainid=D0001474-2C67-47CE-9D7F-98065BE41CE3","候選人原文","2026-10-01","推定現任議員","現任議員個人頁內容","中選會本屆名冊＋議會個人頁","2026-10-01｜中選會名冊核對為臺南市第7選舉區、民主進步黨候選人；臺南市議會於2026年更新的議員頁記載其文化主張並完成人工審核。","","臺南市議會｜陳秋萍::https://www.tncc.gov.tw/councilorpage.asp?mainid=D0001474-2C67-47CE-9D7F-98065BE41CE3","臺南市議會｜陳秋萍::https://www.tncc.gov.tw/councilorpage.asp?mainid=D0001474-2C67-47CE-9D7F-98065BE41CE3","臺南市議會｜陳秋萍::https://www.tncc.gov.tw/councilorpage.asp?mainid=D0001474-2C67-47CE-9D7F-98065BE41CE3","","未載明：參與對象、執行期程、補助工具、預算規模","AI初審待複核",""
"candidate-khh-councilor-chang-yi-li-lotus-pond-001","高雄市","縣市議員","張以理","民主進步黨","文化觀光|地方文化|文化資產","主張加強蓮池潭夜間導覽與活動規劃，並推廣左營的歷史人物與地方記憶，帶動文化觀光。","以夜間導覽、在地活動與地方記憶敘事，讓左營既有風景與眷村文化轉化為文化觀光資源。","加強蓮池潭夜間導覽與活動規劃。||推廣左營歷史人物與地方記憶。||以在地歷史文化帶動文化觀光發展。","","2026-02-21","春節走訪左營風景人文之美 張以理：加強規劃促進觀光","https://newtalk.tw/news/view/2026-02-21/1020733","新聞報導","2026-10-01","候選人","本屆競選政見","候選人官方頁、政黨頁或候選人具名新聞來源","2026-10-01｜中選會名冊核對為高雄市第4選舉區、民主進步黨候選人；2026年新聞記載具體文化觀光主張並完成人工審核。","","春節走訪左營風景人文之美 張以理：加強規劃促進觀光::https://newtalk.tw/news/view/2026-02-21/1020733","春節走訪左營風景人文之美 張以理：加強規劃促進觀光::https://newtalk.tw/news/view/2026-02-21/1020733","春節走訪左營風景人文之美 張以理：加強規劃促進觀光::https://newtalk.tw/news/view/2026-02-21/1020733","","未載明：導覽執行單位、活動頻率、經費來源、成效指標","AI初審待複核",""
"candidate-khh-councilor-chen-hui-wen-fengshan-culture-001","高雄市","縣市議員","陳慧文","民主進步黨","文化觀光|地方文化|文化產業|傳統市場|文化空間|青年","主張振興鳳山商圈與夜間經濟、推動傳統市場現代化與市場用地轉型，並發展鳳山文史觀光廊帶及青年創業扎根。","以商圈、傳統市場、文史觀光與青年創業整合，提升鳳山的地方文化與經濟活力。","振興鳳山商圈與夜間經濟。||推動傳統市場現代化與市場用地轉型新生。||發展鳳山文史觀光廊帶。||支援青年創業與扎根。","","2026-09-09","陳慧文2026政見與歷屆政見","https://www.huiwen.tw/vision.html","候選人原文","2026-10-01","候選人","本屆競選政見","候選人官方頁、政黨頁或候選人具名新聞來源","2026-10-01｜中選會名冊核對為高雄市第9選舉區、民主進步黨候選人；候選人官網收錄2026政見並完成人工審核。","","陳慧文2026政見與歷屆政見::https://www.huiwen.tw/vision.html","陳慧文2026政見與歷屆政見::https://www.huiwen.tw/vision.html","陳慧文2026政見與歷屆政見::https://www.huiwen.tw/vision.html","","官方頁尚未逐項列出量化目標、完成期限與執行分工。","AI初審待複核",""
"candidate-tyc-councilor-lin-cheng-hsien-cultural-governance-001","桃園市","縣市議員","林政賢","中國國民黨","多元文化|地方文化|傳統市場","提出設置閩南事務處與新住民事務局、推動里里有特色，並改建南門市場。","以閩南與新住民事務的制度設置、社區特色及傳統市場改建，將多元文化與地方生活空間納入城市發展。","設置閩南事務處。||設置新住民事務局。||推動里里有特色。||改建南門市場。","","2026-09-02","林政賢登記參選市議員拚連任 拋7大政見勾勒桃園未來","https://tyenews.com/2026/09/1402151/","新聞報導","2026-10-01","候選人","本屆競選政見","候選人官方頁、政黨頁或候選人具名新聞來源","2026-10-01｜中選會名冊核對為桃園市第1選舉區、中國國民黨候選人；2026年登記參選新聞記載具體文化主張並完成人工審核。||2026-10-03｜依資料稽核修正與內容不符的細標籤。","","林政賢登記參選市議員拚連任 拋7大政見勾勒桃園未來::https://tyenews.com/2026/09/1402151/","林政賢登記參選市議員拚連任 拋7大政見勾勒桃園未來::https://tyenews.com/2026/09/1402151/","林政賢登記參選市議員拚連任 拋7大政見勾勒桃園未來::https://tyenews.com/2026/09/1402151/","","未載明：組織權責、社區推動方式、市場文化定位、預算、期程","AI初審待複核",""
"candidate-tyc-councilor-huang-ching-ping-arts-center-001","桃園市","縣市議員","黃敬平","中國國民黨","文化場館|表演藝術|地方文化","主張在平鎮高中南側開發中推動藝文展演中心，並與行政園區及社福設施共同形成新的藝文核心。","以藝文展演中心結合平鎮南區的行政與交通建設，補足地方公共藝文空間。","推動平鎮高中南側開發。||設置藝文展演中心。||結合南區行政園區與社福設施形成藝文核心。","","2026-09-03","黃敬平完成第4屆市議員登記　六大政見拚建設、拚交通、拚生活品質","https://more-news.tw/711120/","新聞報導","2026-10-01","候選人","本屆競選政見","候選人官方頁、政黨頁或候選人具名新聞來源","2026-10-01｜中選會名冊核對為桃園市第8選舉區、中國國民黨候選人；2026年登記參選新聞記載具體藝文展演中心主張並完成人工審核。","","黃敬平完成第4屆市議員登記　六大政見拚建設、拚交通、拚生活品質::https://more-news.tw/711120/","黃敬平完成第4屆市議員登記　六大政見拚建設、拚交通、拚生活品質::https://more-news.tw/711120/","黃敬平完成第4屆市議員登記　六大政見拚建設、拚交通、拚生活品質::https://more-news.tw/711120/","","未載明：用地範圍、設施規格、預算、營運方式、完成期程","AI初審待複核",""
"candidate-tcc-councilor-huang-chia-tien-dome-001","臺中市","縣市議員","黃佳恬","中國國民黨","文化場館|表演藝術|文化產業","主張加速推動台中巨蛋，並引進大型演藝文化產業。","將巨蛋場館建設與大型演藝文化產業導入結合，以擴充臺中的大型展演量能。","加速推動台中巨蛋。||引進大型演藝文化產業。","","2026-10-01","黃佳恬｜臺中市議會議員資訊","https://www.tccc.gov.tw/wb_introduction02.asp?cno=78&uno=&zno=106","候選人原文","2026-10-01","推定現任議員","現任議員個人頁內容","中選會本屆名冊＋議會個人頁","2026-10-01｜中選會名冊核對為臺中市第12選舉區、中國國民黨候選人；官方政策頁明列巨蛋與大型演藝文化產業措施並完成人工審核。","","黃佳恬｜臺中市議會議員資訊::https://www.tccc.gov.tw/wb_introduction02.asp?cno=78&uno=&zno=106","黃佳恬｜臺中市議會議員資訊::https://www.tccc.gov.tw/wb_introduction02.asp?cno=78&uno=&zno=106","黃佳恬｜臺中市議會議員資訊::https://www.tccc.gov.tw/wb_introduction02.asp?cno=78&uno=&zno=106","","未載明：場館時程、經費、營運方式、演藝產業引進機制","AI初審待複核",""
"candidate-tcc-councilor-ku-hsiu-ying-culture-001","臺中市","縣市議員","古秀英","中國國民黨","原住民族文化|文化空間|部落文化|族語傳承|社區營造|文化觀光","主張落實原民教育與文化傳承，增設文化據點促進世代對話，並推動部落社區營造與觀光發展。","以原民教育、文化據點與部落社區營造，串聯文化傳承、世代對話與原鄉發展。","強化原民教育並落實原教法。||推動文化傳承及增設文化據點，協助世代對話。||推動部落社區營造與部落觀光發展。","","2026-10-01","古秀英｜臺中市議會議員資訊","https://www.tccc.gov.tw/wb_introduction02.asp?cno=82&uno=","候選人原文","2026-10-01","推定現任議員","現任議員個人頁內容","中選會本屆名冊＋議會個人頁","2026-10-01｜中選會名冊核對為臺中市第16選舉區、中國國民黨候選人；官方政策頁明列原民文化傳承與文化據點措施並完成人工審核。","","古秀英｜臺中市議會議員資訊::https://www.tccc.gov.tw/wb_introduction02.asp?cno=82&uno=","古秀英｜臺中市議會議員資訊::https://www.tccc.gov.tw/wb_introduction02.asp?cno=82&uno=","古秀英｜臺中市議會議員資訊::https://www.tccc.gov.tw/wb_introduction02.asp?cno=82&uno=","","未載明：文化據點位置與數量、期程、經費、部落參與機制","AI初審待複核",""
"candidate-tcc-councilor-chu-yuan-hung-indigenous-culture-001","臺中市","縣市議員","朱元宏","中國國民黨","原住民族文化|表演藝術|文化空間|族語傳承|文化產業","主張爭取原住民表演藝術人才的表演與專屬建設空間、增加原民商品曝光度，並強化族語保留傳承與原住民民族文化發展。","以表演空間、原民商品、族語與民族文化發展，提升都會與原鄉原住民族文化的能見度與傳承。","爭取原住民表演藝術人才的表演空間及原民專屬建設空間。||增加原民商品曝光度。||強化原住民族族語保留與傳承，並加強民族文化發展。","","2026-10-01","朱元宏｜臺中市議會議員資訊","https://www.tccc.gov.tw/wb_introduction02.asp?cno=65&uno=","候選人原文","2026-10-01","推定現任議員","現任議員個人頁內容","中選會本屆名冊＋議會個人頁","2026-10-01｜中選會名冊核對為臺中市第17選舉區、中國國民黨候選人；官方政策頁明列原民表演空間、族語與文化發展措施並完成人工審核。","","朱元宏｜臺中市議會議員資訊::https://www.tccc.gov.tw/wb_introduction02.asp?cno=65&uno=","朱元宏｜臺中市議會議員資訊::https://www.tccc.gov.tw/wb_introduction02.asp?cno=65&uno=","朱元宏｜臺中市議會議員資訊::https://www.tccc.gov.tw/wb_introduction02.asp?cno=65&uno=","","未載明：空間位置、設施規格、經費、執行期程、族語傳承機制","AI初審待複核",""
"candidate-tnn-councilor-tsai-yu-hui-library-001","臺南市","縣市議員","蔡育輝","中國國民黨","圖書館|文化設施|閱讀文化","主張爭取設立國家圖書館南部分館，並監督其營運避免閒置。","以國家級圖書館南部分館補足南部閱讀與文化設施，並要求後續營運有效使用。","爭取設立國家圖書館南部分館。||監督其運作避免成為閒置設施。","","2026-10-01","蔡育輝｜臺南市議會議員資訊","https://www.tncc.gov.tw/councilorpage.asp?mainid=63ECF425-FD64-4636-A3D3-05B420A3924D","候選人原文","2026-10-01","推定現任議員","現任議員個人頁內容","中選會本屆名冊＋議會個人頁","2026-10-01｜中選會名冊核對為臺南市第1選舉區、中國國民黨候選人；官方政策頁明列國圖南部分館措施並完成人工審核。","","蔡育輝｜臺南市議會議員資訊::https://www.tncc.gov.tw/councilorpage.asp?mainid=63ECF425-FD64-4636-A3D3-05B420A3924D","蔡育輝｜臺南市議會議員資訊::https://www.tncc.gov.tw/councilorpage.asp?mainid=63ECF425-FD64-4636-A3D3-05B420A3924D","蔡育輝｜臺南市議會議員資訊::https://www.tncc.gov.tw/councilorpage.asp?mainid=63ECF425-FD64-4636-A3D3-05B420A3924D","","未載明：選址、館藏服務、經費、期程、營運模式","AI初審待複核",""
"candidate-tnn-councilor-fang-i-feng-culture-001","臺南市","縣市議員","方一峰","中國國民黨","宗教文化資產|文化資產|文化觀光|藝文活動|地方文化","主張傳承與保存宗教廟宇傳統文化資產，推廣大北門沿海漁港、潟湖與在地美食文化旅遊，並推動藝文活動。","以宗教文化資產、沿海生活文化與藝文活動串聯地方觀光與居民參與。","推動宗教廟宇傳統文化資產傳承與保存。||推廣大北門沿海漁港、潟湖觀光與在地美食文化。||推動藝文活動舉辦，提升藝術參與機會。","","2026-10-01","方一峰｜臺南市議會議員資訊","https://www.tncc.gov.tw/councilorpage.asp?mainid=5ABA0B90-9FD2-4B3E-BA48-FA776C993C02","候選人原文","2026-10-01","推定現任議員","現任議員個人頁內容","中選會本屆名冊＋議會個人頁","2026-10-01｜中選會名冊核對為臺南市第2選舉區、中國國民黨候選人；官方政策頁明列文化資產、文化觀光與藝文活動措施並完成人工審核。","","方一峰｜臺南市議會議員資訊::https://www.tncc.gov.tw/councilorpage.asp?mainid=5ABA0B90-9FD2-4B3E-BA48-FA776C993C02","方一峰｜臺南市議會議員資訊::https://www.tncc.gov.tw/councilorpage.asp?mainid=5ABA0B90-9FD2-4B3E-BA48-FA776C993C02","方一峰｜臺南市議會議員資訊::https://www.tncc.gov.tw/councilorpage.asp?mainid=5ABA0B90-9FD2-4B3E-BA48-FA776C993C02","","未載明：文化資產清單、旅遊路線、活動場次、經費、期程","AI初審待複核",""
"candidate-tnn-councilor-ou-cheng-hao-cultural-center-001","臺南市","縣市議員","歐政豪","中國國民黨","文化場館|城市再生|文化空間","主張推動臺南文化中心改造升級，納入東區城市建設重點。","將文化中心升級納入東區城市建設，提升既有文化場館功能。","推動臺南文化中心改造升級。","","2026-02-10","歐政豪青年軍成立：關注文化中心改造升級","https://www.tncc.gov.tw/page.asp?mainid=%7B34FAAE5C-E6EC-4541-8A71-0F9B9DD60C48%7D","候選人原文","2026-10-01","待判定","現任問政／提案","議會提案或新聞頁；不是議會個人頁","2026-10-01｜中選會名冊核對為臺南市第10選舉區、中國國民黨候選人；2026年候選人記者會明列文化中心改造升級措施並完成人工審核。","","歐政豪青年軍成立：關注文化中心改造升級::https://www.tncc.gov.tw/page.asp?mainid=%7B34FAAE5C-E6EC-4541-8A71-0F9B9DD60C48%7D","歐政豪青年軍成立：關注文化中心改造升級::https://www.tncc.gov.tw/page.asp?mainid=%7B34FAAE5C-E6EC-4541-8A71-0F9B9DD60C48%7D","歐政豪青年軍成立：關注文化中心改造升級::https://www.tncc.gov.tw/page.asp?mainid=%7B34FAAE5C-E6EC-4541-8A71-0F9B9DD60C48%7D","","未載明：改造內容、期程、經費、營運方式","AI初審待複核",""
"candidate-khh-councilor-huang-bo-lin-film-access-001","高雄市","縣市議員","黃柏霖","中國國民黨","藝文活動|文化近用|影視文化","主張讓《美力台灣3D》電影車穿梭高雄，以行動放映提供市民接觸影像藝術與文化內容的機會。","以移動式電影放映進入不同社區與校園，降低參與藝文活動的地理門檻。","讓《美力台灣3D》電影車穿梭高雄。","","2026-10-01","黃柏霖市議員｜服務政見","https://alin.ar.com.tw/","候選人原文","2026-10-01","候選人","本屆競選政見","候選人官方頁、政黨頁或候選人具名新聞來源","2026-10-01｜中選會名冊核對為高雄市第7選舉區、中國國民黨候選人；候選人官方網站以「再四年」列為服務政見並明列電影車措施，完成人工審核。","","黃柏霖市議員｜服務政見::https://alin.ar.com.tw/","黃柏霖市議員｜服務政見::https://alin.ar.com.tw/","黃柏霖市議員｜服務政見::https://alin.ar.com.tw/","","未載明：巡迴路線、場次、合作單位、經費、執行期程","AI初審待複核",""
"candidate-khh-councilor-zhong-yi-zhong-culture-001","高雄市","縣市議員","鍾易仲","中國國民黨","客家文化|客語傳承|音樂產業|表演藝術|文化空間|視覺藝術|民俗節慶","主張深化客家語言傳承並扶植客家音樂與文化人才，同時打造流行音樂產業鏈、支持在地音樂創作與藝文特區發展。","以客語傳承及客家文化人才培育結合流行音樂與表演藝術產業，擴大鳳山的文化創作與展演量能。","獎勵客語認證並辦理客家族群節慶活動。||扶植客家音樂與文化人才並鼓勵客語歌曲創作。||打造流行音樂產業鏈並扶植在地音樂演唱及創作人才。||推動鳳山中城計畫納入藝文特區與藝術村。","","2026-10-01","鍾易仲｜高雄市議會議員資訊","https://www.kcc.gov.tw/MemberInfo_New.aspx?msn=2212&n=39&sms=9028","候選人原文","2026-10-01","推定現任議員","現任議員個人頁內容","中選會本屆名冊＋議會個人頁","2026-10-01｜中選會名冊核對為高雄市第9選舉區、中國國民黨候選人；高雄市議會個人政策頁明列客家文化、流行音樂與藝文特區措施並完成人工審核。||2026-10-03｜依資料稽核修正與內容不符的細標籤。","","鍾易仲｜高雄市議會議員資訊::https://www.kcc.gov.tw/MemberInfo_New.aspx?msn=2212&n=39&sms=9028","鍾易仲｜高雄市議會議員資訊::https://www.kcc.gov.tw/MemberInfo_New.aspx?msn=2212&n=39&sms=9028","鍾易仲｜高雄市議會議員資訊::https://www.kcc.gov.tw/MemberInfo_New.aspx?msn=2212&n=39&sms=9028","","未載明：客語與音樂人才培育經費、期程、場館分工、績效指標","AI初審待複核",""
"candidate-khh-councilor-chiu-yu-hsuan-marine-culture-001","高雄市","縣市議員","邱于軒","中國國民黨","海洋文化|文化觀光|地方文化","主張發揚林園海洋文化並規劃觀光路線，讓民眾認識大寮與林園的文化底蘊。","以地方海洋文化結合觀光路線與在地物產，帶動居民認識及參與大寮林園的地方文化。","發揚林園海洋文化。||規劃觀光路線讓民眾感受大寮林園文化底蘊。||發展大寮紅豆與林園洋蔥等在地物產觀光。","","2026-10-01","邱于軒｜高雄市議會議員資訊","https://www.kcc.gov.tw/MemberInfo_New.aspx?msn=2227&n=39&sms=9028","候選人原文","2026-10-01","推定現任議員","現任議員個人頁內容","中選會本屆名冊＋議會個人頁","2026-10-01｜中選會名冊核對為高雄市第11選舉區、中國國民黨候選人；高雄市議會個人政策頁明列林園海洋文化與文化觀光路線措施並完成人工審核。","","邱于軒｜高雄市議會議員資訊::https://www.kcc.gov.tw/MemberInfo_New.aspx?msn=2227&n=39&sms=9028","邱于軒｜高雄市議會議員資訊::https://www.kcc.gov.tw/MemberInfo_New.aspx?msn=2227&n=39&sms=9028","邱于軒｜高雄市議會議員資訊::https://www.kcc.gov.tw/MemberInfo_New.aspx?msn=2227&n=39&sms=9028","","未載明：路線範圍、文化據點、解說內容、經費、期程、居民參與機制","AI初審待複核",""
"candidate-khh-councilor-wang-yi-hsiung-indigenous-culture-001","高雄市","縣市議員","王義雄","中國國民黨","原住民族文化|族語傳承|文化教育|文化空間","主張設置都會區原住民實驗學校，強化原住民文化復育及族語推廣，並設置原住民主題意象場域。","以都會區原住民族教育、文化復育與公共意象場域，提升族語傳承及社會認同。","設置都會區原住民實驗學校。||強化原住民文化復育與族語推廣。||設置原住民主題意象場域，強化原住民族社會認同。","","2026-10-01","王義雄｜高雄市議會議員資訊","https://www.kcc.gov.tw/MemberInfo_New.aspx?msn=2230&n=76&sms=0","候選人原文","2026-10-01","推定現任議員","現任議員個人頁內容","中選會本屆名冊＋議會個人頁","2026-10-01｜中選會名冊核對為高雄市第12選舉區、中國國民黨候選人；高雄市議會個人政策頁明列原住民文化復育、族語與意象場域措施並完成人工審核。","","王義雄｜高雄市議會議員資訊::https://www.kcc.gov.tw/MemberInfo_New.aspx?msn=2230&n=76&sms=0","王義雄｜高雄市議會議員資訊::https://www.kcc.gov.tw/MemberInfo_New.aspx?msn=2230&n=76&sms=0","王義雄｜高雄市議會議員資訊::https://www.kcc.gov.tw/MemberInfo_New.aspx?msn=2230&n=76&sms=0","","未載明：學校地點、課程規劃、族語推廣人力、場域位置、經費、期程","AI初審待複核",""
"candidate-hcc-councilor-chen-bai-cheng-old-street-001","新竹縣","縣市議員","陳栢誠","中國國民黨","地方文化|文化觀光|文化資產|客家文化","主張營建湖口老街生機並延續畚箕窩溪沿岸觀光地帶，並在縣政總質詢提出客家獅文化扎根。","以老街與沿岸文化觀光串聯湖口地方發展，並支持客家文化傳承。","營建湖口老街生機。||延續畚箕窩溪沿岸觀光地帶。||推動湖口客家獅文化扎根。","","2026-10-01","陳栢誠｜新竹縣議會議員資訊","https://www.hcc.gov.tw/member-detail?C=376&S=22&program=190","候選人原文","2026-10-01","推定現任議員","現任議員個人頁內容","中選會本屆名冊＋議會個人頁","2026-10-01｜中選會名冊核對為新竹縣第3選舉區、中國國民黨候選人；新竹縣議會個人政策頁及2026年縣府總質詢來源明列老街與客家文化措施並完成人工審核。","","陳栢誠｜新竹縣議會議員資訊::https://www.hcc.gov.tw/member-detail?C=376&S=22&program=190","陳栢誠｜新竹縣議會議員資訊::https://www.hcc.gov.tw/member-detail?C=376&S=22&program=190","陳栢誠｜新竹縣議會議員資訊::https://www.hcc.gov.tw/member-detail?C=376&S=22&program=190","","未載明：老街活化範圍、客家獅傳承方式、經費、期程、社區參與機制","人工審核",""
"candidate-chw-councilor-bai-yu-ru-music-city-001","彰化縣","縣市議員","白玉如","中國國民黨","音樂文化|表演藝術|文化近用|青年","主張將彰化打造為音樂之都，提供街頭藝人及在校學生音樂表演平台，擴大民眾與青年參與音樂文化的機會。","以城市音樂品牌結合街頭與校園表演平台，讓藝文表演進入公共生活並支持青年展演。","讓彰化成為音樂之都。||提供街頭藝人及在校學生音樂表演平台。","","2026-10-01","白玉如｜彰化縣議會議員資訊","https://www.chcc.gov.tw/member/Details2.aspx?Parser=99%2C6%2C40%2C%2C%2C%2C121%2C1%2C%2C%2C%2C%2C%2C%2C3525","候選人原文","2026-10-01","推定現任議員","現任議員個人頁內容","中選會本屆名冊＋議會個人頁","2026-10-01｜中選會名冊核對為彰化縣第1選舉區、中國國民黨候選人；彰化縣議會個人政策頁明列音樂之都與街頭藝人、學生展演平台措施，完成人工審核。","","白玉如｜彰化縣議會議員資訊::https://www.chcc.gov.tw/member/Details2.aspx?Parser=99%2C6%2C40%2C%2C%2C%2C121%2C1%2C%2C%2C%2C%2C%2C%2C3525","白玉如｜彰化縣議會議員資訊::https://www.chcc.gov.tw/member/Details2.aspx?Parser=99%2C6%2C40%2C%2C%2C%2C121%2C1%2C%2C%2C%2C%2C%2C%2C3525","白玉如｜彰化縣議會議員資訊::https://www.chcc.gov.tw/member/Details2.aspx?Parser=99%2C6%2C40%2C%2C%2C%2C121%2C1%2C%2C%2C%2C%2C%2C%2C3525","","未載明：表演平台場地數量、申請制度、經費、辦理期程、青年支持措施","人工審核",""
"candidate-ptg-councilor-li-shih-kan-hakka-language-001","屏東縣","縣市議員","李世淦","中國國民黨","客家文化|客語傳承|文化教育","主張從幼兒教育、家庭與師資培育推動客語向下扎根，並提出制定客家民族教育法的構想。","以教育、家庭與師資培育連結，回應客語使用的世代斷層，支持客家文化傳承。","從幼兒教育、家庭及師資培育向下扎根。||提出制定客家民族教育法構想。","","2026-10-01","客語斷層拉警報！屏東2議員提解方 盼催生全台首所全客語實驗國小","https://udn.com/news/story/7327/9786852?from=udn-relatednews_ch2","新聞報導","2026-10-01","候選人","現任問政／提案","聯合新聞網報導明載李世淦於屏東縣議會業務報告與質詢中提出客語教育主張。","2026-10-01｜中選會名冊核對為屏東縣第3選舉區、中國國民黨候選人；聯合新聞網報導其在議會提出客語教育與客家民族教育法構想，完成人工審核。||2026-10-03｜依資料稽核修正與內容不符的細標籤。||2026-10-04｜經查來源記載為縣議會質詢，改列現任問政／提案，非本屆競選政見。","","客語斷層拉警報！屏東2議員提解方 盼催生全台首所全客語實驗國小::https://udn.com/news/story/7327/9786852?from=udn-relatednews_ch2","客語斷層拉警報！屏東2議員提解方 盼催生全台首所全客語實驗國小::https://udn.com/news/story/7327/9786852?from=udn-relatednews_ch2","客語斷層拉警報！屏東2議員提解方 盼催生全台首所全客語實驗國小::https://udn.com/news/story/7327/9786852?from=udn-relatednews_ch2","","未載明：教育法案內容、推動層級、經費、期程、師資培育方案","AI初審待複核",""
"candidate-cyc-city-councilor-cheng-kuang-hung-old-city-revival-001","嘉義市","縣市議員","鄭光宏","中國國民黨","文化資產|歷史街區|文化觀光|文創產業|展覽策展|藝文節慶","提出以阿里山林鐵與嘉義舊城為文化觀光雙軸，串連北門車站、檜意森活村、嘉義舊監、舊菸葉廠、舊市公所與文化路商圈，並推進舊菸葉廠作為設計基地活化。","以老建築修復活化連結展覽設計文創與步行導覽，讓舊城文化資產成為可親近的日常文化場域與城市再生動能。","以林鐵與舊城串連六個文化節點。||推動老舊建築導入展覽設計餐飲及文創。||搭配步行導覽交通接駁與城市小旅行。||要求舊嘉義菸葉廠修復空間盡早開放並作為設計展覽及創意產業使用。","","2026-10-02","鄭光宏 2026政見與問政紀錄","https://jgh.tw/","候選人原文","2026-10-02","候選人","本屆競選政見","候選人官方頁、政黨頁或候選人具名新聞來源","2026-10-02｜中選會名冊核對為嘉義市第2選舉區中國國民黨候選人；候選人官方網站的2026政見與問政頁明列舊城文化節點串聯及嘉菸設計基地活化措施，完成人工審核。","","鄭光宏 2026政見與問政紀錄::https://jgh.tw/","鄭光宏 八項重點政績::https://jgh.tw/achievements/","鄭光宏 2026政見與問政紀錄::https://jgh.tw/","","未載明：六個節點分期修復預算、營運權責、完整期程","人工審核",""
"candidate-ylc-councilor-chen-chieh-lin-indigenous-culture-001","宜蘭縣","縣市議員","陳傑麟","親民黨","原住民族文化|文化觀光|傳統祭儀|文化健康","提出推廣部落生態旅遊與文化體驗，並爭取經費擴大傳統祭儀及運動賽事，另規劃為文化健康站爭取長照經費及改善據點。","以部落文化體驗與傳統祭儀連結地方就業和文化傳承，並由文化健康站支持原住民族社區照顧。","督促縣府推廣部落生態旅遊與文化體驗。||爭取縣府經費協助鄉公所擴大辦理傳統祭儀。||協助文化健康站爭取長照經費並改善基礎設施及社區關懷據點。","","2026-10-02","陳傑麟 2026候選人政見","https://youth.pfpnext.com/2026/candidate-detail.php?id=pfp2026-005","候選人原文","2026-10-02","候選人","本屆競選政見","候選人官方頁、政黨頁或候選人具名新聞來源","2026-10-02｜中選會名冊核對為宜蘭縣第12選舉區親民黨候選人；親民黨候選人頁明列部落文化體驗、傳統祭儀與文化健康站措施，完成人工審核。","","陳傑麟 2026候選人政見::https://youth.pfpnext.com/2026/candidate-detail.php?id=pfp2026-005","陳傑麟 2026候選人政見::https://youth.pfpnext.com/2026/candidate-detail.php?id=pfp2026-005","陳傑麟 2026候選人政見::https://youth.pfpnext.com/2026/candidate-detail.php?id=pfp2026-005","","未載明：部落旅遊路線、祭儀補助額度、文化詮釋、社區參與機制、期程","AI初審待複核",""
"candidate-hcc-councilor-lo-mei-wen-military-village-001","新竹縣","縣市議員","羅美文","勞動黨","文化資產|眷村文化|文化空間|地方文史","在縣政總質詢要求盡速修繕復原湖口裝甲新村，並促使縣府與中央依文化資產規定處理修復與再利用。","裝甲新村具眷村歷史與地方記憶價值，修復與再利用應由地方政府積極協調中央並推進執行。","要求盡速修繕復原湖口裝甲新村。||要求縣府依文化部規定與中央合作，推進裝甲新村修復再利用。","","2026-10-02","新竹縣府：羅美文關心湖口裝甲新村修復","https://www.hsinchu.gov.tw/News_Content.aspx?n=153&s=255105","政府質詢紀錄","2026-10-02","候選人","現任問政／提案","新竹縣政府公布縣政總質詢內容，記載羅美文以議員身分提出湖口裝甲新村修復要求。","2026-10-02｜中選會名冊核對為新竹縣第3選舉區勞動黨候選人；新竹縣府公開質詢紀錄明列其要求修繕復原湖口裝甲新村，完成人工審核。||2026-10-04｜經查來源為縣政總質詢紀錄，改列現任問政／提案。","","新竹縣府：羅美文關心湖口裝甲新村修復::https://www.hsinchu.gov.tw/News_Content.aspx?n=153&s=255105","新竹縣府：羅美文關心湖口裝甲新村修復::https://www.hsinchu.gov.tw/News_Content.aspx?n=153&s=255105","新竹縣府：羅美文關心湖口裝甲新村修復::https://www.hsinchu.gov.tw/News_Content.aspx?n=153&s=255105","","未載明：修復經費、期程、後續營運模式、社區參與機制","人工審核",""
"candidate-hsz-councilor-lin-yen-fu-fishing-village-culture-001","新竹市","縣市議員","林彥甫","時代力量","漁村文化|地方文化|文化觀光|產業文化","主張推廣南寮漁村及造船文化，並協助漁港觀光發展，讓在地漁業與造船記憶成為文化與地方發展的基礎。","漁村與造船文化應結合漁港觀光發展，讓在地產業記憶轉化為可參與的文化與地方經濟資源。","推廣南寮漁村及造船文化。||協助發展漁港觀光。","","2026-10-02","林彥甫 2026候選人政見","https://sites.google.com/npptw.org/yenfulin","候選人原文","2026-10-02","候選人","本屆競選政見","候選人官方頁、政黨頁或候選人具名新聞來源","2026-10-02｜中選會名冊核對為新竹市第4選舉區時代力量候選人；候選人官方頁明列漁村與造船文化推廣及漁港觀光發展，完成人工審核。","","林彥甫 2026候選人政見::https://sites.google.com/npptw.org/yenfulin","林彥甫 新竹市議會個人政見::https://www.hsinchu-cc.gov.tw/tc/councilor.aspx?c=24&mid=39","林彥甫 2026候選人政見::https://sites.google.com/npptw.org/yenfulin","","未載明：文化調查保存方式、導覽或展示內容、執行經費、期程","AI初審待複核",""
"candidate-ntpc-councilor-kan-chung-wei-cultural-landscape-001","新北市","縣市議員","甘崇緯","台灣綠黨","文化教育|文化地景|公共參與|青年教育","提出以補助引導畢業旅行結合文化地景與公共議題，使學生旅行從形式化活動轉化為社會實踐與在地認識。","學校旅行可透過文化地景及公共議題設計，讓青年在生活場域中理解地方並參與公共事務。","透過補助引導畢業旅行結合文化地景與政策議題。||避免畢業旅行流於形式，使旅程轉化為社會實踐。","","2026-10-02","台灣綠黨：甘崇緯 2026政見","https://web.greenparty.org.tw/posts/news/2026candidate/","候選人原文","2026-10-02","候選人","本屆競選政見","候選人官方頁、政黨頁或候選人具名新聞來源","2026-10-02｜中選會名冊核對為新北市第3選舉區台灣綠黨候選人；台灣綠黨2026候選人政見明列畢旅結合文化地景與公共議題，完成人工審核。","","台灣綠黨：甘崇緯 2026政見::https://web.greenparty.org.tw/posts/news/2026candidate/","台灣綠黨：甘崇緯 2026政見::https://web.greenparty.org.tw/posts/news/2026candidate/","台灣綠黨：甘崇緯 2026政見::https://web.greenparty.org.tw/posts/news/2026candidate/","","未載明：補助資格、文化地景選擇原則、課程設計、經費規模、推動期程","AI初審待複核",""
"candidate-khh-councilor-hsueh-chao-chi-youth-arts-village-001","高雄市","縣市議員","薛兆基","無黨籍","眷村文化|青年藝術|漫畫文化|文化資產|視覺藝術","薛兆基提出以左營眷村保存為基礎，邀集漫畫家、藝術工作者及文史團體研議漫畫家駐村與戶外展演，打造青年藝術聚落。","眷村保存應結合青年創作與在地文化工作者，讓歷史場域持續產生文化內容並成為青年創作基地。","邀集漫畫家、藝術工作者、文史團體及相關單位研議青年藝術聚落。||推動漫畫家駐村構想。||推動戶外展演舞台構想。","候選人提出持續研議及逐步落實的方向。","2026-07-08","高雄市左楠選區市議員參選人薛兆基與知名校園漫畫家林政德 共倡打造全台首座青年藝術聚落","https://www.5ch.com.tw/news.php?act=view&id=81694","新聞報導","2026-10-02","候選人","本屆競選政見","候選人官方頁、政黨頁或候選人具名新聞來源","2026-10-02｜已依中選會登記名冊核對薛兆基為高雄市第4選舉區無黨籍候選人；具名新聞記載其與漫畫家及文史團體討論眷村保存、漫畫家駐村與戶外展演等候選人主張。來源未提供預算與期程，已在條目中註明。","","高雄市左楠選區市議員參選人薛兆基與知名校園漫畫家林政德 共倡打造全台首座青年藝術聚落::https://www.5ch.com.tw/news.php?act=view&id=81694","高雄市左楠選區市議員參選人薛兆基與知名校園漫畫家林政德 共倡打造全台首座青年藝術聚落::https://www.5ch.com.tw/news.php?act=view&id=81694","高雄市左楠選區市議員參選人薛兆基與知名校園漫畫家林政德 共倡打造全台首座青年藝術聚落::https://www.5ch.com.tw/news.php?act=view&id=81694","","未載明：主責機關、場址範圍、經費、期程、具體執行機制","AI初審待複核",""
"candidate-tyc-councilor-chang-shuo-fang-cultural-governance-001","桃園市","縣市議員","張碩芳","中國國民黨","公共藝術|文化資產|兒童藝文|客語|文化教育|藝文節慶|文化近用|青年","張碩芳在桃園市議會文化局與客家事務局工作報告中，要求地景藝術節作品建立永續維護管理，並關注兒童藝文資源、青年藝文活動與客語向幼托扎根。","公共藝術和藝文資源不應只停留在節慶展出，應有作品後續管理、兒童近用及母語教育的長期機制。","要求地景藝術節作品建立後續維護管理機制。||爭取桃園區兒童藝文資源及青年藝文活動規劃。||要求客語教育向幼托機構扎根。","","2026-08-28","關心地景藝術作品生命週期　桃議員張碩芳爭取桃園多元藝文與客語幼托扎根","https://news.pchome.com.tw/public/taiwanhot/20260828/index-78791007766950221016.html","新聞報導","2026-10-02","待判定","現任問政／提案","具名新聞列為桃園市議員；非議會個人頁","2026-10-02｜已依中選會名冊核對張碩芳為桃園市第1選舉區中國國民黨候選人；來源報導其以現任桃園市議員身分在文化局、客家局工作報告提出質詢。因非議會個人頁，依現行規則列「待判定／現任問政或提案」，於議員任內問政分頁呈現，不計入本屆競選政見。","","關心地景藝術作品生命週期　桃議員張碩芳爭取桃園多元藝文與客語幼托扎根::https://news.pchome.com.tw/public/taiwanhot/20260828/index-78791007766950221016.html","關心地景藝術作品生命週期　桃議員張碩芳爭取桃園多元藝文與客語幼托扎根::https://news.pchome.com.tw/public/taiwanhot/20260828/index-78791007766950221016.html","關心地景藝術作品生命週期　桃議員張碩芳爭取桃園多元藝文與客語幼托扎根::https://news.pchome.com.tw/public/taiwanhot/20260828/index-78791007766950221016.html","","未載明：作品維護責任分工、預算、兒童藝文資源配置、幼托客語師資、推動期程","AI初審待複核",""
"candidate-tpe-councilor-hung-wan-chen-temple-fire-safety-001","臺北市","縣市議員","洪婉臻","民主進步黨","宗教文化資產|公共安全","洪婉臻指出指南宮火災暴露寺廟與文化資產的消防風險，要求市府全面盤點宮廟消防安全，並建立跨局處預防與協助機制。","宮廟消防安全應納入文化資產風險管理，並由市府跨局處建立預防與協助機制。","全面檢視臺北市宮廟消防安全，特別納入具文化資產身分者。||建立文化、建管與消防等跨局處預防及協助機制。","","2026-08-25","指南宮大火敲響消防隱憂　洪婉臻籲檢視北市1905間寺廟","https://udn.com/news/story/7323/9712958?from=searchresult","新聞報導","2026-10-04","推定現任議員","現任問政／提案","依中選會本屆名冊與議會個人頁推定為現任議員；此推定並非議會官方認證。","2026-10-04｜由 civic_policy_calls.csv 既有資料遷入；原資料ID civic-tpe-temple-fire-safety-001；發布ID留空，沿用既有資料例外。","","指南宮大火敲響消防隱憂　洪婉臻籲檢視北市1905間寺廟::https://udn.com/news/story/7323/9712958?from=searchresult","指南宮大火敲響消防隱憂　洪婉臻籲檢視北市1905間寺廟::https://udn.com/news/story/7323/9712958?from=searchresult","指南宮大火敲響消防隱憂　洪婉臻籲檢視北市1905間寺廟::https://udn.com/news/story/7323/9712958?from=searchresult","","","人工審核",""
"candidate-tyc-councilor-li-tsung-hao-guishan-cultural-walk-001","桃園市","縣市議員","李宗豪","民主進步黨","地方走讀|文化生態","李宗豪於議會質詢要求串聯龜山地方文化資源與山林生態，規劃特色走讀路線，結合文化記憶、環境教育與社區參與。","龜山地方文化與山林生態可透過走讀路線串聯，並結合環境教育及社區參與。","盤點並串聯龜山地方文化資源與山林生態。||規劃具地方特色的文化生態走讀路線。||結合環境教育與社區參與。","","2026-08-28","龜山文化資源、山林生態豐富 李宗豪盼串聯打造特色走讀路線","https://twline365.com/2026/08/1213470/","議會質詢報導","2026-10-04","推定現任議員","現任問政／提案","依中選會本屆名冊與議會個人頁推定為現任議員；此推定並非議會官方認證。","2026-10-04｜由 civic_policy_calls.csv 既有資料遷入；原資料ID civic-tao-guishan-cultural-ecology-001；發布ID留空，沿用既有資料例外。","","龜山文化資源、山林生態豐富 李宗豪盼串聯打造特色走讀路線::https://twline365.com/2026/08/1213470/","龜山文化資源、山林生態豐富 李宗豪盼串聯打造特色走讀路線::https://twline365.com/2026/08/1213470/","龜山文化資源、山林生態豐富 李宗豪盼串聯打造特色走讀路線::https://twline365.com/2026/08/1213470/","","","人工審核",""
"candidate-hsinchu-mayor-gao-hong-an-culture-001","新竹市","縣市長","高虹安","無黨籍","客家文化|客語傳承|文化場館|社區營造|地方文化館","市府將持續透過語言扎根、文化推廣、館舍經營及跨域合作等多元策略，打造客語友善環境。","讓客家文化融入市民日常生活。","除了出版客語繪本外，也辦理客語能力認證輔導班、客語親子共學、客語說故事等多元活動。||今年除持續辦理「手作・生活：客家工藝裡的日日好光景」主題展覽外，也規劃工藝講座、親子體驗及文化推廣活動。||今年下半年將推出兩款以客家會館為主題的實境解謎遊戲，並辦理9場次客庄小旅行。","來源記錄候選人公開發言與已規劃措施。","2026-07-13","深化文化傳承與創新！高虹安市長主持會議 擘劃客家發展新藍圖","https://www.cna.com.tw/postwrite/chi/438831","政府新聞稿","2026-10-10","候選人","現任首長施政","現任新竹市長，2026 登記參選連任","2026-10-01｜中選會名冊核對與人工審核完成；由 mayor-cultural-policy-leads.csv 上架。||2026-10-04｜依使用者核定保留並改列現任首長施政。||依原文修正（2026-10-10）","","深化文化傳承與創新！高虹安市長主持會議 擘劃客家發展新藍圖::https://www.cna.com.tw/postwrite/chi/438831","深化文化傳承與創新！高虹安市長主持會議 擘劃客家發展新藍圖::https://www.cna.com.tw/postwrite/chi/438831","深化文化傳承與創新！高虹安市長主持會議 擘劃客家發展新藍圖::https://www.cna.com.tw/postwrite/chi/438831","","","人工審核",""
