id,city,year,cultural_expenditure_budget,cultural_expenditure_final,bureau_budget,bureau_final,total_budget,bureau_scope_note,methodology,official_source_title,official_source_url,key_policies,last_verified,notes
government-2011-01,新北市,2011,2592281000,2307585000,1776647000,1617719000,155203341000,,政事別文化支出與文化局（處）機關別預決算分開呈現；原始表單位為千元，本站換算為元。,文化部文化統計網－2025年編印（歷年資料）,https://stat.moc.gov.tw/eBook_List_DoL.aspx?id=114_01&year=2025,,2026-09-06,來源檔：20260906_1104地方文化支出及地方文化局預決算.xlsx
government-2011-02,臺北市,2011,6193795000,5861766000,2566691000,2460706000,179638340000,,政事別文化支出與文化局（處）機關別預決算分開呈現；原始表單位為千元，本站換算為元。,文化部文化統計網－2025年編印（歷年資料）,https://stat.moc.gov.tw/eBook_List_DoL.aspx?id=114_01&year=2025,,2026-09-06,來源檔：20260906_1104地方文化支出及地方文化局預決算.xlsx
government-2011-03,桃園市,2011,599213000,490556000,386533000,312398000,62105000000,,政事別文化支出與文化局（處）機關別預決算分開呈現；原始表單位為千元，本站換算為元。,文化部文化統計網－2025年編印（歷年資料）,https://stat.moc.gov.tw/eBook_List_DoL.aspx?id=114_01&year=2025,,2026-09-06,來源檔：20260906_1104地方文化支出及地方文化局預決算.xlsx
government-2011-04,臺中市,2011,2392930000,2019044000,1132424000,902582000,105475439000,,政事別文化支出與文化局（處）機關別預決算分開呈現；原始表單位為千元，本站換算為元。,文化部文化統計網－2025年編印（歷年資料）,https://stat.moc.gov.tw/eBook_List_DoL.aspx?id=114_01&year=2025,,2026-09-06,來源檔：20260906_1104地方文化支出及地方文化局預決算.xlsx
government-2011-05,臺南市,2011,981545000,869519000,883063000,786387000,84117705000,,政事別文化支出與文化局（處）機關別預決算分開呈現；原始表單位為千元，本站換算為元。,文化部文化統計網－2025年編印（歷年資料）,https://stat.moc.gov.tw/eBook_List_DoL.aspx?id=114_01&year=2025,,2026-09-06,來源檔：20260906_1104地方文化支出及地方文化局預決算.xlsx
government-2011-06,高雄市,2011,2784963000,2565492000,1829984000,1708624000,134992957000,,政事別文化支出與文化局（處）機關別預決算分開呈現；原始表單位為千元，本站換算為元。,文化部文化統計網－2025年編印（歷年資料）,https://stat.moc.gov.tw/eBook_List_DoL.aspx?id=114_01&year=2025,,2026-09-06,來源檔：20260906_1104地方文化支出及地方文化局預決算.xlsx
government-2011-07,宜蘭縣,2011,537900000,511408000,441821000,422977000,21637016000,,政事別文化支出與文化局（處）機關別預決算分開呈現；原始表單位為千元，本站換算為元。,文化部文化統計網－2025年編印（歷年資料）,https://stat.moc.gov.tw/eBook_List_DoL.aspx?id=114_01&year=2025,,2026-09-06,來源檔：20260906_1104地方文化支出及地方文化局預決算.xlsx
government-2011-08,新竹縣,2011,314897000,253590000,308909000,249023000,27604314000,,政事別文化支出與文化局（處）機關別預決算分開呈現；原始表單位為千元，本站換算為元。,文化部文化統計網－2025年編印（歷年資料）,https://stat.moc.gov.tw/eBook_List_DoL.aspx?id=114_01&year=2025,,2026-09-06,來源檔：20260906_1104地方文化支出及地方文化局預決算.xlsx
government-2011-09,苗栗縣,2011,4044766000,937410000,4006140000,912797000,41487474000,文化局（處）為文化觀光局（處），預決算包含觀光經費。,政事別文化支出與文化局（處）機關別預決算分開呈現；原始表單位為千元，本站換算為元。,文化部文化統計網－2025年編印（歷年資料）,https://stat.moc.gov.tw/eBook_List_DoL.aspx?id=114_01&year=2025,,2026-09-06,來源檔：20260906_1104地方文化支出及地方文化局預決算.xlsx
government-2011-10,彰化縣,2011,579510000,481375000,571586000,476515000,39323117000,,政事別文化支出與文化局（處）機關別預決算分開呈現；原始表單位為千元，本站換算為元。,文化部文化統計網－2025年編印（歷年資料）,https://stat.moc.gov.tw/eBook_List_DoL.aspx?id=114_01&year=2025,,2026-09-06,來源檔：20260906_1104地方文化支出及地方文化局預決算.xlsx
government-2011-11,南投縣,2011,208370000,189002000,207091000,189002000,23417832000,,政事別文化支出與文化局（處）機關別預決算分開呈現；原始表單位為千元，本站換算為元。,文化部文化統計網－2025年編印（歷年資料）,https://stat.moc.gov.tw/eBook_List_DoL.aspx?id=114_01&year=2025,,2026-09-06,來源檔：20260906_1104地方文化支出及地方文化局預決算.xlsx
government-2011-12,雲林縣,2011,735581000,554491000,318689000,288777000,28656424000,文化局（處）為文化觀光局（處），預決算包含觀光經費。,政事別文化支出與文化局（處）機關別預決算分開呈現；原始表單位為千元，本站換算為元。,文化部文化統計網－2025年編印（歷年資料）,https://stat.moc.gov.tw/eBook_List_DoL.aspx?id=114_01&year=2025,,2026-09-06,來源檔：20260906_1104地方文化支出及地方文化局預決算.xlsx
government-2011-13,嘉義縣,2011,206297000,173338000,344917000,299835000,23585821000,文化局（處）為文化觀光局（處），預決算包含觀光經費。,政事別文化支出與文化局（處）機關別預決算分開呈現；原始表單位為千元，本站換算為元。,文化部文化統計網－2025年編印（歷年資料）,https://stat.moc.gov.tw/eBook_List_DoL.aspx?id=114_01&year=2025,,2026-09-06,來源檔：20260906_1104地方文化支出及地方文化局預決算.xlsx
government-2011-14,屏東縣,2011,443821000,427604000,351557000,341401000,39904175000,,政事別文化支出與文化局（處）機關別預決算分開呈現；原始表單位為千元，本站換算為元。,文化部文化統計網－2025年編印（歷年資料）,https://stat.moc.gov.tw/eBook_List_DoL.aspx?id=114_01&year=2025,,2026-09-06,來源檔：20260906_1104地方文化支出及地方文化局預決算.xlsx
government-2011-15,臺東縣,2011,263826000,225535000,244226000,213787000,15872400000,,政事別文化支出與文化局（處）機關別預決算分開呈現；原始表單位為千元，本站換算為元。,文化部文化統計網－2025年編印（歷年資料）,https://stat.moc.gov.tw/eBook_List_DoL.aspx?id=114_01&year=2025,,2026-09-06,來源檔：20260906_1104地方文化支出及地方文化局預決算.xlsx
government-2011-16,花蓮縣,2011,199534000,187198000,149578000,141000000,18313362000,,政事別文化支出與文化局（處）機關別預決算分開呈現；原始表單位為千元，本站換算為元。,文化部文化統計網－2025年編印（歷年資料）,https://stat.moc.gov.tw/eBook_List_DoL.aspx?id=114_01&year=2025,,2026-09-06,來源檔：20260906_1104地方文化支出及地方文化局預決算.xlsx
government-2011-17,澎湖縣,2011,263917000,248654000,207786000,196252000,9215787000,,政事別文化支出與文化局（處）機關別預決算分開呈現；原始表單位為千元，本站換算為元。,文化部文化統計網－2025年編印（歷年資料）,https://stat.moc.gov.tw/eBook_List_DoL.aspx?id=114_01&year=2025,,2026-09-06,來源檔：20260906_1104地方文化支出及地方文化局預決算.xlsx
government-2011-18,基隆市,2011,180027000,167697000,150781000,143378000,18954715000,,政事別文化支出與文化局（處）機關別預決算分開呈現；原始表單位為千元，本站換算為元。,文化部文化統計網－2025年編印（歷年資料）,https://stat.moc.gov.tw/eBook_List_DoL.aspx?id=114_01&year=2025,,2026-09-06,來源檔：20260906_1104地方文化支出及地方文化局預決算.xlsx
government-2011-19,新竹市,2011,367151000,337987000,286303000,263740000,18282000000,,政事別文化支出與文化局（處）機關別預決算分開呈現；原始表單位為千元，本站換算為元。,文化部文化統計網－2025年編印（歷年資料）,https://stat.moc.gov.tw/eBook_List_DoL.aspx?id=114_01&year=2025,,2026-09-06,來源檔：20260906_1104地方文化支出及地方文化局預決算.xlsx
government-2011-20,嘉義市,2011,332038000,259978000,264056000,233240000,12243509000,,政事別文化支出與文化局（處）機關別預決算分開呈現；原始表單位為千元，本站換算為元。,文化部文化統計網－2025年編印（歷年資料）,https://stat.moc.gov.tw/eBook_List_DoL.aspx?id=114_01&year=2025,,2026-09-06,來源檔：20260906_1104地方文化支出及地方文化局預決算.xlsx
government-2011-21,金門縣,2011,372170000,312524000,242301000,195619000,13201957000,,政事別文化支出與文化局（處）機關別預決算分開呈現；原始表單位為千元，本站換算為元。,文化部文化統計網－2025年編印（歷年資料）,https://stat.moc.gov.tw/eBook_List_DoL.aspx?id=114_01&year=2025,,2026-09-06,來源檔：20260906_1104地方文化支出及地方文化局預決算.xlsx
government-2011-22,連江縣,2011,114021000,68812000,122827000,74950000,3785973000,,政事別文化支出與文化局（處）機關別預決算分開呈現；原始表單位為千元，本站換算為元。,文化部文化統計網－2025年編印（歷年資料）,https://stat.moc.gov.tw/eBook_List_DoL.aspx?id=114_01&year=2025,,2026-09-06,來源檔：20260906_1104地方文化支出及地方文化局預決算.xlsx
government-2012-01,新北市,2012,3329739000,3086658000,1932864000,1780785000,157448777000,,政事別文化支出與文化局（處）機關別預決算分開呈現；原始表單位為千元，本站換算為元。,文化部文化統計網－2025年編印（歷年資料）,https://stat.moc.gov.tw/eBook_List_DoL.aspx?id=114_01&year=2025,,2026-09-06,來源檔：20260906_1104地方文化支出及地方文化局預決算.xlsx
government-2012-02,臺北市,2012,8020935000,7678217000,3410558000,3305503000,186892566000,,政事別文化支出與文化局（處）機關別預決算分開呈現；原始表單位為千元，本站換算為元。,文化部文化統計網－2025年編印（歷年資料）,https://stat.moc.gov.tw/eBook_List_DoL.aspx?id=114_01&year=2025,,2026-09-06,來源檔：20260906_1104地方文化支出及地方文化局預決算.xlsx
government-2012-03,桃園市,2012,677766000,598579000,348419000,314822000,62152000000,,政事別文化支出與文化局（處）機關別預決算分開呈現；原始表單位為千元，本站換算為元。,文化部文化統計網－2025年編印（歷年資料）,https://stat.moc.gov.tw/eBook_List_DoL.aspx?id=114_01&year=2025,,2026-09-06,來源檔：20260906_1104地方文化支出及地方文化局預決算.xlsx
government-2012-04,臺中市,2012,2735359000,2548817000,1138891000,1047265000,110702665000,,政事別文化支出與文化局（處）機關別預決算分開呈現；原始表單位為千元，本站換算為元。,文化部文化統計網－2025年編印（歷年資料）,https://stat.moc.gov.tw/eBook_List_DoL.aspx?id=114_01&year=2025,,2026-09-06,來源檔：20260906_1104地方文化支出及地方文化局預決算.xlsx
government-2012-05,臺南市,2012,1134827000,958549000,1042686000,881364000,87473087000,,政事別文化支出與文化局（處）機關別預決算分開呈現；原始表單位為千元，本站換算為元。,文化部文化統計網－2025年編印（歷年資料）,https://stat.moc.gov.tw/eBook_List_DoL.aspx?id=114_01&year=2025,,2026-09-06,來源檔：20260906_1104地方文化支出及地方文化局預決算.xlsx
government-2012-06,高雄市,2012,3510416000,3080182000,2234734000,2161617000,131267016000,,政事別文化支出與文化局（處）機關別預決算分開呈現；原始表單位為千元，本站換算為元。,文化部文化統計網－2025年編印（歷年資料）,https://stat.moc.gov.tw/eBook_List_DoL.aspx?id=114_01&year=2025,,2026-09-06,來源檔：20260906_1104地方文化支出及地方文化局預決算.xlsx
government-2012-07,宜蘭縣,2012,504603000,482658000,415277000,399356000,20097026000,,政事別文化支出與文化局（處）機關別預決算分開呈現；原始表單位為千元，本站換算為元。,文化部文化統計網－2025年編印（歷年資料）,https://stat.moc.gov.tw/eBook_List_DoL.aspx?id=114_01&year=2025,,2026-09-06,來源檔：20260906_1104地方文化支出及地方文化局預決算.xlsx
government-2012-08,新竹縣,2012,314585000,279125000,309995000,275393000,25808925000,,政事別文化支出與文化局（處）機關別預決算分開呈現；原始表單位為千元，本站換算為元。,文化部文化統計網－2025年編印（歷年資料）,https://stat.moc.gov.tw/eBook_List_DoL.aspx?id=114_01&year=2025,,2026-09-06,來源檔：20260906_1104地方文化支出及地方文化局預決算.xlsx
government-2012-09,苗栗縣,2012,832737000,700484000,799222000,670022000,33683611000,文化局（處）為文化觀光局（處），預決算包含觀光經費。,政事別文化支出與文化局（處）機關別預決算分開呈現；原始表單位為千元，本站換算為元。,文化部文化統計網－2025年編印（歷年資料）,https://stat.moc.gov.tw/eBook_List_DoL.aspx?id=114_01&year=2025,,2026-09-06,來源檔：20260906_1104地方文化支出及地方文化局預決算.xlsx
government-2012-10,彰化縣,2012,614392000,558846000,611140000,555850000,41549226000,,政事別文化支出與文化局（處）機關別預決算分開呈現；原始表單位為千元，本站換算為元。,文化部文化統計網－2025年編印（歷年資料）,https://stat.moc.gov.tw/eBook_List_DoL.aspx?id=114_01&year=2025,,2026-09-06,來源檔：20260906_1104地方文化支出及地方文化局預決算.xlsx
government-2012-11,南投縣,2012,162144000,145341000,162144000,145341000,23283285000,,政事別文化支出與文化局（處）機關別預決算分開呈現；原始表單位為千元，本站換算為元。,文化部文化統計網－2025年編印（歷年資料）,https://stat.moc.gov.tw/eBook_List_DoL.aspx?id=114_01&year=2025,,2026-09-06,來源檔：20260906_1104地方文化支出及地方文化局預決算.xlsx
government-2012-12,雲林縣,2012,572200000,439736000,283928000,226065000,27741854000,文化局（處）為文化觀光局（處），預決算包含觀光經費。,政事別文化支出與文化局（處）機關別預決算分開呈現；原始表單位為千元，本站換算為元。,文化部文化統計網－2025年編印（歷年資料）,https://stat.moc.gov.tw/eBook_List_DoL.aspx?id=114_01&year=2025,,2026-09-06,來源檔：20260906_1104地方文化支出及地方文化局預決算.xlsx
government-2012-13,嘉義縣,2012,186971000,165985000,377614000,333141000,23562703000,文化局（處）為文化觀光局（處），預決算包含觀光經費。,政事別文化支出與文化局（處）機關別預決算分開呈現；原始表單位為千元，本站換算為元。,文化部文化統計網－2025年編印（歷年資料）,https://stat.moc.gov.tw/eBook_List_DoL.aspx?id=114_01&year=2025,,2026-09-06,來源檔：20260906_1104地方文化支出及地方文化局預決算.xlsx
government-2012-14,屏東縣,2012,484886000,462613000,301988000,289425000,34241838000,,政事別文化支出與文化局（處）機關別預決算分開呈現；原始表單位為千元，本站換算為元。,文化部文化統計網－2025年編印（歷年資料）,https://stat.moc.gov.tw/eBook_List_DoL.aspx?id=114_01&year=2025,,2026-09-06,來源檔：20260906_1104地方文化支出及地方文化局預決算.xlsx
government-2012-15,臺東縣,2012,169264000,145808000,151114000,133139000,15566022000,,政事別文化支出與文化局（處）機關別預決算分開呈現；原始表單位為千元，本站換算為元。,文化部文化統計網－2025年編印（歷年資料）,https://stat.moc.gov.tw/eBook_List_DoL.aspx?id=114_01&year=2025,,2026-09-06,來源檔：20260906_1104地方文化支出及地方文化局預決算.xlsx
government-2012-16,花蓮縣,2012,157023000,147826000,118685000,114282000,17703754000,,政事別文化支出與文化局（處）機關別預決算分開呈現；原始表單位為千元，本站換算為元。,文化部文化統計網－2025年編印（歷年資料）,https://stat.moc.gov.tw/eBook_List_DoL.aspx?id=114_01&year=2025,,2026-09-06,來源檔：20260906_1104地方文化支出及地方文化局預決算.xlsx
government-2012-17,澎湖縣,2012,251293000,203287000,212728000,167964000,9466589000,,政事別文化支出與文化局（處）機關別預決算分開呈現；原始表單位為千元，本站換算為元。,文化部文化統計網－2025年編印（歷年資料）,https://stat.moc.gov.tw/eBook_List_DoL.aspx?id=114_01&year=2025,,2026-09-06,來源檔：20260906_1104地方文化支出及地方文化局預決算.xlsx
government-2012-18,基隆市,2012,214487000,199773000,173316000,163646000,17631351000,,政事別文化支出與文化局（處）機關別預決算分開呈現；原始表單位為千元，本站換算為元。,文化部文化統計網－2025年編印（歷年資料）,https://stat.moc.gov.tw/eBook_List_DoL.aspx?id=114_01&year=2025,,2026-09-06,來源檔：20260906_1104地方文化支出及地方文化局預決算.xlsx
government-2012-19,新竹市,2012,324552000,300222000,258611000,244517000,18283170000,,政事別文化支出與文化局（處）機關別預決算分開呈現；原始表單位為千元，本站換算為元。,文化部文化統計網－2025年編印（歷年資料）,https://stat.moc.gov.tw/eBook_List_DoL.aspx?id=114_01&year=2025,,2026-09-06,來源檔：20260906_1104地方文化支出及地方文化局預決算.xlsx
government-2012-20,嘉義市,2012,229897000,196811000,194847000,168130000,11288377000,,政事別文化支出與文化局（處）機關別預決算分開呈現；原始表單位為千元，本站換算為元。,文化部文化統計網－2025年編印（歷年資料）,https://stat.moc.gov.tw/eBook_List_DoL.aspx?id=114_01&year=2025,,2026-09-06,來源檔：20260906_1104地方文化支出及地方文化局預決算.xlsx
government-2012-21,金門縣,2012,471820000,413944000,287192000,246422000,11495343000,,政事別文化支出與文化局（處）機關別預決算分開呈現；原始表單位為千元，本站換算為元。,文化部文化統計網－2025年編印（歷年資料）,https://stat.moc.gov.tw/eBook_List_DoL.aspx?id=114_01&year=2025,,2026-09-06,來源檔：20260906_1104地方文化支出及地方文化局預決算.xlsx
government-2012-22,連江縣,2012,121734000,112387000,106951000,70248000,3343315000,,政事別文化支出與文化局（處）機關別預決算分開呈現；原始表單位為千元，本站換算為元。,文化部文化統計網－2025年編印（歷年資料）,https://stat.moc.gov.tw/eBook_List_DoL.aspx?id=114_01&year=2025,,2026-09-06,來源檔：20260906_1104地方文化支出及地方文化局預決算.xlsx
government-2013-01,新北市,2013,4003623000,3843332000,1873508000,1783587000,155416362000,,政事別文化支出與文化局（處）機關別預決算分開呈現；原始表單位為千元，本站換算為元。,文化部文化統計網－2025年編印（歷年資料）,https://stat.moc.gov.tw/eBook_List_DoL.aspx?id=114_01&year=2025,,2026-09-06,來源檔：20260906_1104地方文化支出及地方文化局預決算.xlsx
government-2013-02,臺北市,2013,8999672000,8128333000,3147875000,2880315000,176954055000,,政事別文化支出與文化局（處）機關別預決算分開呈現；原始表單位為千元，本站換算為元。,文化部文化統計網－2025年編印（歷年資料）,https://stat.moc.gov.tw/eBook_List_DoL.aspx?id=114_01&year=2025,,2026-09-06,來源檔：20260906_1104地方文化支出及地方文化局預決算.xlsx
government-2013-03,桃園市,2013,1083429000,993090000,530573000,504450000,62928000000,,政事別文化支出與文化局（處）機關別預決算分開呈現；原始表單位為千元，本站換算為元。,文化部文化統計網－2025年編印（歷年資料）,https://stat.moc.gov.tw/eBook_List_DoL.aspx?id=114_01&year=2025,,2026-09-06,來源檔：20260906_1104地方文化支出及地方文化局預決算.xlsx
government-2013-04,臺中市,2013,2177164000,1903692000,1225785000,1089102000,119563415000,,政事別文化支出與文化局（處）機關別預決算分開呈現；原始表單位為千元，本站換算為元。,文化部文化統計網－2025年編印（歷年資料）,https://stat.moc.gov.tw/eBook_List_DoL.aspx?id=114_01&year=2025,,2026-09-06,來源檔：20260906_1104地方文化支出及地方文化局預決算.xlsx
government-2013-05,臺南市,2013,1192695000,1134204000,1124080000,1073661000,83460412000,,政事別文化支出與文化局（處）機關別預決算分開呈現；原始表單位為千元，本站換算為元。,文化部文化統計網－2025年編印（歷年資料）,https://stat.moc.gov.tw/eBook_List_DoL.aspx?id=114_01&year=2025,,2026-09-06,來源檔：20260906_1104地方文化支出及地方文化局預決算.xlsx
government-2013-06,高雄市,2013,2818521000,2776545000,1997545000,1969331000,126382519000,,政事別文化支出與文化局（處）機關別預決算分開呈現；原始表單位為千元，本站換算為元。,文化部文化統計網－2025年編印（歷年資料）,https://stat.moc.gov.tw/eBook_List_DoL.aspx?id=114_01&year=2025,,2026-09-06,來源檔：20260906_1104地方文化支出及地方文化局預決算.xlsx
government-2013-07,宜蘭縣,2013,517652000,491361000,439974000,414265000,20633182000,,政事別文化支出與文化局（處）機關別預決算分開呈現；原始表單位為千元，本站換算為元。,文化部文化統計網－2025年編印（歷年資料）,https://stat.moc.gov.tw/eBook_List_DoL.aspx?id=114_01&year=2025,,2026-09-06,來源檔：20260906_1104地方文化支出及地方文化局預決算.xlsx
government-2013-08,新竹縣,2013,269214000,227718000,264099000,223952000,25021078000,,政事別文化支出與文化局（處）機關別預決算分開呈現；原始表單位為千元，本站換算為元。,文化部文化統計網－2025年編印（歷年資料）,https://stat.moc.gov.tw/eBook_List_DoL.aspx?id=114_01&year=2025,,2026-09-06,來源檔：20260906_1104地方文化支出及地方文化局預決算.xlsx
government-2013-09,苗栗縣,2013,906801000,737867000,878633000,711758000,28686778000,文化局（處）為文化觀光局（處），預決算包含觀光經費。,政事別文化支出與文化局（處）機關別預決算分開呈現；原始表單位為千元，本站換算為元。,文化部文化統計網－2025年編印（歷年資料）,https://stat.moc.gov.tw/eBook_List_DoL.aspx?id=114_01&year=2025,,2026-09-06,來源檔：20260906_1104地方文化支出及地方文化局預決算.xlsx
government-2013-10,彰化縣,2013,685807000,597177000,682490000,593997000,41339611000,,政事別文化支出與文化局（處）機關別預決算分開呈現；原始表單位為千元，本站換算為元。,文化部文化統計網－2025年編印（歷年資料）,https://stat.moc.gov.tw/eBook_List_DoL.aspx?id=114_01&year=2025,,2026-09-06,來源檔：20260906_1104地方文化支出及地方文化局預決算.xlsx
government-2013-11,南投縣,2013,191766000,184222000,191766000,184222000,24868861000,,政事別文化支出與文化局（處）機關別預決算分開呈現；原始表單位為千元，本站換算為元。,文化部文化統計網－2025年編印（歷年資料）,https://stat.moc.gov.tw/eBook_List_DoL.aspx?id=114_01&year=2025,,2026-09-06,來源檔：20260906_1104地方文化支出及地方文化局預決算.xlsx
government-2013-12,雲林縣,2013,642130000,512300000,361006000,303491000,28726908000,文化局（處）為文化觀光局（處），預決算包含觀光經費。,政事別文化支出與文化局（處）機關別預決算分開呈現；原始表單位為千元，本站換算為元。,文化部文化統計網－2025年編印（歷年資料）,https://stat.moc.gov.tw/eBook_List_DoL.aspx?id=114_01&year=2025,,2026-09-06,來源檔：20260906_1104地方文化支出及地方文化局預決算.xlsx
government-2013-13,嘉義縣,2013,169090000,142229000,353752000,314191000,24441738000,文化局（處）為文化觀光局（處），預決算包含觀光經費。,政事別文化支出與文化局（處）機關別預決算分開呈現；原始表單位為千元，本站換算為元。,文化部文化統計網－2025年編印（歷年資料）,https://stat.moc.gov.tw/eBook_List_DoL.aspx?id=114_01&year=2025,,2026-09-06,來源檔：20260906_1104地方文化支出及地方文化局預決算.xlsx
government-2013-14,屏東縣,2013,717446000,682206000,542023000,522093000,32875388000,,政事別文化支出與文化局（處）機關別預決算分開呈現；原始表單位為千元，本站換算為元。,文化部文化統計網－2025年編印（歷年資料）,https://stat.moc.gov.tw/eBook_List_DoL.aspx?id=114_01&year=2025,,2026-09-06,來源檔：20260906_1104地方文化支出及地方文化局預決算.xlsx
government-2013-15,臺東縣,2013,191476000,165853000,173226000,152342000,15257163000,,政事別文化支出與文化局（處）機關別預決算分開呈現；原始表單位為千元，本站換算為元。,文化部文化統計網－2025年編印（歷年資料）,https://stat.moc.gov.tw/eBook_List_DoL.aspx?id=114_01&year=2025,,2026-09-06,來源檔：20260906_1104地方文化支出及地方文化局預決算.xlsx
government-2013-16,花蓮縣,2013,168283000,158043000,125080000,118078000,18156448000,,政事別文化支出與文化局（處）機關別預決算分開呈現；原始表單位為千元，本站換算為元。,文化部文化統計網－2025年編印（歷年資料）,https://stat.moc.gov.tw/eBook_List_DoL.aspx?id=114_01&year=2025,,2026-09-06,來源檔：20260906_1104地方文化支出及地方文化局預決算.xlsx
government-2013-17,澎湖縣,2013,260196000,238421000,209921000,189487000,9947273000,,政事別文化支出與文化局（處）機關別預決算分開呈現；原始表單位為千元，本站換算為元。,文化部文化統計網－2025年編印（歷年資料）,https://stat.moc.gov.tw/eBook_List_DoL.aspx?id=114_01&year=2025,,2026-09-06,來源檔：20260906_1104地方文化支出及地方文化局預決算.xlsx
government-2013-18,基隆市,2013,181683000,168669000,145129000,135981000,17111015000,,政事別文化支出與文化局（處）機關別預決算分開呈現；原始表單位為千元，本站換算為元。,文化部文化統計網－2025年編印（歷年資料）,https://stat.moc.gov.tw/eBook_List_DoL.aspx?id=114_01&year=2025,,2026-09-06,來源檔：20260906_1104地方文化支出及地方文化局預決算.xlsx
government-2013-19,新竹市,2013,247773000,232235000,193495000,184501000,18064421000,,政事別文化支出與文化局（處）機關別預決算分開呈現；原始表單位為千元，本站換算為元。,文化部文化統計網－2025年編印（歷年資料）,https://stat.moc.gov.tw/eBook_List_DoL.aspx?id=114_01&year=2025,,2026-09-06,來源檔：20260906_1104地方文化支出及地方文化局預決算.xlsx
government-2013-20,嘉義市,2013,232216000,209522000,197849000,183010000,11830927000,,政事別文化支出與文化局（處）機關別預決算分開呈現；原始表單位為千元，本站換算為元。,文化部文化統計網－2025年編印（歷年資料）,https://stat.moc.gov.tw/eBook_List_DoL.aspx?id=114_01&year=2025,,2026-09-06,來源檔：20260906_1104地方文化支出及地方文化局預決算.xlsx
government-2013-21,金門縣,2013,504650000,438792000,387181000,334707000,12289328000,,政事別文化支出與文化局（處）機關別預決算分開呈現；原始表單位為千元，本站換算為元。,文化部文化統計網－2025年編印（歷年資料）,https://stat.moc.gov.tw/eBook_List_DoL.aspx?id=114_01&year=2025,,2026-09-06,來源檔：20260906_1104地方文化支出及地方文化局預決算.xlsx
government-2013-22,連江縣,2013,103909000,96579000,104762000,96716000,3636159000,,政事別文化支出與文化局（處）機關別預決算分開呈現；原始表單位為千元，本站換算為元。,文化部文化統計網－2025年編印（歷年資料）,https://stat.moc.gov.tw/eBook_List_DoL.aspx?id=114_01&year=2025,,2026-09-06,來源檔：20260906_1104地方文化支出及地方文化局預決算.xlsx
government-2014-01,新北市,2014,4940867000,4811737000,2363089000,2268816000,159508322000,,政事別文化支出與文化局（處）機關別預決算分開呈現；原始表單位為千元，本站換算為元。,文化部文化統計網－2025年編印（歷年資料）,https://stat.moc.gov.tw/eBook_List_DoL.aspx?id=114_01&year=2025,,2026-09-06,來源檔：20260906_1104地方文化支出及地方文化局預決算.xlsx
government-2014-02,臺北市,2014,8713047000,8313465000,3926963000,3791709000,173637613000,,政事別文化支出與文化局（處）機關別預決算分開呈現；原始表單位為千元，本站換算為元。,文化部文化統計網－2025年編印（歷年資料）,https://stat.moc.gov.tw/eBook_List_DoL.aspx?id=114_01&year=2025,,2026-09-06,來源檔：20260906_1104地方文化支出及地方文化局預決算.xlsx
government-2014-03,桃園市,2014,2360394000,2264414000,871578000,827135000,70276450000,,政事別文化支出與文化局（處）機關別預決算分開呈現；原始表單位為千元，本站換算為元。,文化部文化統計網－2025年編印（歷年資料）,https://stat.moc.gov.tw/eBook_List_DoL.aspx?id=114_01&year=2025,,2026-09-06,來源檔：20260906_1104地方文化支出及地方文化局預決算.xlsx
government-2014-04,臺中市,2014,2571630000,2272760000,1317827000,1249223000,116515785000,,政事別文化支出與文化局（處）機關別預決算分開呈現；原始表單位為千元，本站換算為元。,文化部文化統計網－2025年編印（歷年資料）,https://stat.moc.gov.tw/eBook_List_DoL.aspx?id=114_01&year=2025,,2026-09-06,來源檔：20260906_1104地方文化支出及地方文化局預決算.xlsx
government-2014-05,臺南市,2014,3312322000,3163948000,1841919000,1759217000,80657067000,,政事別文化支出與文化局（處）機關別預決算分開呈現；原始表單位為千元，本站換算為元。,文化部文化統計網－2025年編印（歷年資料）,https://stat.moc.gov.tw/eBook_List_DoL.aspx?id=114_01&year=2025,,2026-09-06,來源檔：20260906_1104地方文化支出及地方文化局預決算.xlsx
government-2014-06,高雄市,2014,3411541000,3353231000,2668431000,2634391000,129972889000,,政事別文化支出與文化局（處）機關別預決算分開呈現；原始表單位為千元，本站換算為元。,文化部文化統計網－2025年編印（歷年資料）,https://stat.moc.gov.tw/eBook_List_DoL.aspx?id=114_01&year=2025,,2026-09-06,來源檔：20260906_1104地方文化支出及地方文化局預決算.xlsx
government-2014-07,宜蘭縣,2014,1969487000,1916389000,1891748000,1822847000,20915786000,,政事別文化支出與文化局（處）機關別預決算分開呈現；原始表單位為千元，本站換算為元。,文化部文化統計網－2025年編印（歷年資料）,https://stat.moc.gov.tw/eBook_List_DoL.aspx?id=114_01&year=2025,,2026-09-06,來源檔：20260906_1104地方文化支出及地方文化局預決算.xlsx
government-2014-08,新竹縣,2014,322353000,278077000,317238000,274597000,25622120000,,政事別文化支出與文化局（處）機關別預決算分開呈現；原始表單位為千元，本站換算為元。,文化部文化統計網－2025年編印（歷年資料）,https://stat.moc.gov.tw/eBook_List_DoL.aspx?id=114_01&year=2025,,2026-09-06,來源檔：20260906_1104地方文化支出及地方文化局預決算.xlsx
government-2014-09,苗栗縣,2014,838113000,713753000,813414000,689441000,28571255000,文化局（處）為文化觀光局（處），預決算包含觀光經費。,政事別文化支出與文化局（處）機關別預決算分開呈現；原始表單位為千元，本站換算為元。,文化部文化統計網－2025年編印（歷年資料）,https://stat.moc.gov.tw/eBook_List_DoL.aspx?id=114_01&year=2025,,2026-09-06,來源檔：20260906_1104地方文化支出及地方文化局預決算.xlsx
government-2014-10,彰化縣,2014,463707000,431050000,458069000,425560000,44732446000,,政事別文化支出與文化局（處）機關別預決算分開呈現；原始表單位為千元，本站換算為元。,文化部文化統計網－2025年編印（歷年資料）,https://stat.moc.gov.tw/eBook_List_DoL.aspx?id=114_01&year=2025,,2026-09-06,來源檔：20260906_1104地方文化支出及地方文化局預決算.xlsx
government-2014-11,南投縣,2014,201329000,188004000,201329000,188004000,23808238000,,政事別文化支出與文化局（處）機關別預決算分開呈現；原始表單位為千元，本站換算為元。,文化部文化統計網－2025年編印（歷年資料）,https://stat.moc.gov.tw/eBook_List_DoL.aspx?id=114_01&year=2025,,2026-09-06,來源檔：20260906_1104地方文化支出及地方文化局預決算.xlsx
government-2014-12,雲林縣,2014,597509000,490817000,375428000,329870000,29208306000,文化局（處）為文化觀光局（處），預決算包含觀光經費。,政事別文化支出與文化局（處）機關別預決算分開呈現；原始表單位為千元，本站換算為元。,文化部文化統計網－2025年編印（歷年資料）,https://stat.moc.gov.tw/eBook_List_DoL.aspx?id=114_01&year=2025,,2026-09-06,來源檔：20260906_1104地方文化支出及地方文化局預決算.xlsx
government-2014-13,嘉義縣,2014,225223000,174736000,376342000,302239000,24064495000,文化局（處）為文化觀光局（處），預決算包含觀光經費。,政事別文化支出與文化局（處）機關別預決算分開呈現；原始表單位為千元，本站換算為元。,文化部文化統計網－2025年編印（歷年資料）,https://stat.moc.gov.tw/eBook_List_DoL.aspx?id=114_01&year=2025,,2026-09-06,來源檔：20260906_1104地方文化支出及地方文化局預決算.xlsx
government-2014-14,屏東縣,2014,751740000,707027000,64249000,57772000,33171929000,,政事別文化支出與文化局（處）機關別預決算分開呈現；原始表單位為千元，本站換算為元。,文化部文化統計網－2025年編印（歷年資料）,https://stat.moc.gov.tw/eBook_List_DoL.aspx?id=114_01&year=2025,,2026-09-06,來源檔：20260906_1104地方文化支出及地方文化局預決算.xlsx
government-2014-15,臺東縣,2014,202040000,177787000,202040000,177787000,15401238000,,政事別文化支出與文化局（處）機關別預決算分開呈現；原始表單位為千元，本站換算為元。,文化部文化統計網－2025年編印（歷年資料）,https://stat.moc.gov.tw/eBook_List_DoL.aspx?id=114_01&year=2025,,2026-09-06,來源檔：20260906_1104地方文化支出及地方文化局預決算.xlsx
government-2014-16,花蓮縣,2014,195746000,173874000,159066000,139511000,18285583000,,政事別文化支出與文化局（處）機關別預決算分開呈現；原始表單位為千元，本站換算為元。,文化部文化統計網－2025年編印（歷年資料）,https://stat.moc.gov.tw/eBook_List_DoL.aspx?id=114_01&year=2025,,2026-09-06,來源檔：20260906_1104地方文化支出及地方文化局預決算.xlsx
government-2014-17,澎湖縣,2014,289604000,248182000,241888000,205761000,9345446000,,政事別文化支出與文化局（處）機關別預決算分開呈現；原始表單位為千元，本站換算為元。,文化部文化統計網－2025年編印（歷年資料）,https://stat.moc.gov.tw/eBook_List_DoL.aspx?id=114_01&year=2025,,2026-09-06,來源檔：20260906_1104地方文化支出及地方文化局預決算.xlsx
government-2014-18,基隆市,2014,173516000,165863000,143188000,138316000,17933058000,,政事別文化支出與文化局（處）機關別預決算分開呈現；原始表單位為千元，本站換算為元。,文化部文化統計網－2025年編印（歷年資料）,https://stat.moc.gov.tw/eBook_List_DoL.aspx?id=114_01&year=2025,,2026-09-06,來源檔：20260906_1104地方文化支出及地方文化局預決算.xlsx
government-2014-19,新竹市,2014,384890000,350947000,275819000,252877000,18381252000,,政事別文化支出與文化局（處）機關別預決算分開呈現；原始表單位為千元，本站換算為元。,文化部文化統計網－2025年編印（歷年資料）,https://stat.moc.gov.tw/eBook_List_DoL.aspx?id=114_01&year=2025,,2026-09-06,來源檔：20260906_1104地方文化支出及地方文化局預決算.xlsx
government-2014-20,嘉義市,2014,262363000,244283000,225164000,212519000,11610370000,,政事別文化支出與文化局（處）機關別預決算分開呈現；原始表單位為千元，本站換算為元。,文化部文化統計網－2025年編印（歷年資料）,https://stat.moc.gov.tw/eBook_List_DoL.aspx?id=114_01&year=2025,,2026-09-06,來源檔：20260906_1104地方文化支出及地方文化局預決算.xlsx
government-2014-21,金門縣,2014,389525000,304321000,218779000,178236000,13007695000,,政事別文化支出與文化局（處）機關別預決算分開呈現；原始表單位為千元，本站換算為元。,文化部文化統計網－2025年編印（歷年資料）,https://stat.moc.gov.tw/eBook_List_DoL.aspx?id=114_01&year=2025,,2026-09-06,來源檔：20260906_1104地方文化支出及地方文化局預決算.xlsx
government-2014-22,連江縣,2014,109070000,100257000,109831000,100281000,3406768000,,政事別文化支出與文化局（處）機關別預決算分開呈現；原始表單位為千元，本站換算為元。,文化部文化統計網－2025年編印（歷年資料）,https://stat.moc.gov.tw/eBook_List_DoL.aspx?id=114_01&year=2025,,2026-09-06,來源檔：20260906_1104地方文化支出及地方文化局預決算.xlsx
government-2015-01,新北市,2015,3528719570,3440332230,1768583900,1711755800,158371155100,,政事別文化支出與文化局（處）機關別預決算分開呈現；原始表單位為千元，本站換算為元。,文化部文化統計網－2025年編印（歷年資料）,https://stat.moc.gov.tw/eBook_List_DoL.aspx?id=114_01&year=2025,,2026-09-06,來源檔：20260906_1104地方文化支出及地方文化局預決算.xlsx
government-2015-02,臺北市,2015,12567624250,10728386820,5071887340,4171494760,162017957320,,政事別文化支出與文化局（處）機關別預決算分開呈現；原始表單位為千元，本站換算為元。,文化部文化統計網－2025年編印（歷年資料）,https://stat.moc.gov.tw/eBook_List_DoL.aspx?id=114_01&year=2025,,2026-09-06,來源檔：20260906_1104地方文化支出及地方文化局預決算.xlsx
government-2015-03,桃園市,2015,3488731000,3138838150,1442360000,1294060560,91781295000,,政事別文化支出與文化局（處）機關別預決算分開呈現；原始表單位為千元，本站換算為元。,文化部文化統計網－2025年編印（歷年資料）,https://stat.moc.gov.tw/eBook_List_DoL.aspx?id=114_01&year=2025,,2026-09-06,來源檔：20260906_1104地方文化支出及地方文化局預決算.xlsx
government-2015-04,臺中市,2015,2133459370,1961222670,1275585370,1222351190,121075664000,,政事別文化支出與文化局（處）機關別預決算分開呈現；原始表單位為千元，本站換算為元。,文化部文化統計網－2025年編印（歷年資料）,https://stat.moc.gov.tw/eBook_List_DoL.aspx?id=114_01&year=2025,,2026-09-06,來源檔：20260906_1104地方文化支出及地方文化局預決算.xlsx
government-2015-05,臺南市,2015,2193720000,1971412750,1509285000,1393414990,76588044000,,政事別文化支出與文化局（處）機關別預決算分開呈現；原始表單位為千元，本站換算為元。,文化部文化統計網－2025年編印（歷年資料）,https://stat.moc.gov.tw/eBook_List_DoL.aspx?id=114_01&year=2025,,2026-09-06,來源檔：20260906_1104地方文化支出及地方文化局預決算.xlsx
government-2015-06,高雄市,2015,2876585640,2791833020,1935511640,1887803560,123425220000,,政事別文化支出與文化局（處）機關別預決算分開呈現；原始表單位為千元，本站換算為元。,文化部文化統計網－2025年編印（歷年資料）,https://stat.moc.gov.tw/eBook_List_DoL.aspx?id=114_01&year=2025,,2026-09-06,來源檔：20260906_1104地方文化支出及地方文化局預決算.xlsx
government-2015-07,宜蘭縣,2015,544984000,518096900,464404000,431418090,21615990000,,政事別文化支出與文化局（處）機關別預決算分開呈現；原始表單位為千元，本站換算為元。,文化部文化統計網－2025年編印（歷年資料）,https://stat.moc.gov.tw/eBook_List_DoL.aspx?id=114_01&year=2025,,2026-09-06,來源檔：20260906_1104地方文化支出及地方文化局預決算.xlsx
government-2015-08,新竹縣,2015,323777000,293247950,318662000,290117280,25673359000,,政事別文化支出與文化局（處）機關別預決算分開呈現；原始表單位為千元，本站換算為元。,文化部文化統計網－2025年編印（歷年資料）,https://stat.moc.gov.tw/eBook_List_DoL.aspx?id=114_01&year=2025,,2026-09-06,來源檔：20260906_1104地方文化支出及地方文化局預決算.xlsx
government-2015-09,苗栗縣,2015,643793720,537638610,619715720,514841650,25230992000,文化局（處）為文化觀光局（處），預決算包含觀光經費。,政事別文化支出與文化局（處）機關別預決算分開呈現；原始表單位為千元，本站換算為元。,文化部文化統計網－2025年編印（歷年資料）,https://stat.moc.gov.tw/eBook_List_DoL.aspx?id=114_01&year=2025,,2026-09-06,來源檔：20260906_1104地方文化支出及地方文化局預決算.xlsx
government-2015-10,彰化縣,2015,287589000,254514570,284510000,251700620,43939117000,,政事別文化支出與文化局（處）機關別預決算分開呈現；原始表單位為千元，本站換算為元。,文化部文化統計網－2025年編印（歷年資料）,https://stat.moc.gov.tw/eBook_List_DoL.aspx?id=114_01&year=2025,,2026-09-06,來源檔：20260906_1104地方文化支出及地方文化局預決算.xlsx
government-2015-11,南投縣,2015,175441000,164991590,175441000,164991590,22137905000,,政事別文化支出與文化局（處）機關別預決算分開呈現；原始表單位為千元，本站換算為元。,文化部文化統計網－2025年編印（歷年資料）,https://stat.moc.gov.tw/eBook_List_DoL.aspx?id=114_01&year=2025,,2026-09-06,來源檔：20260906_1104地方文化支出及地方文化局預決算.xlsx
government-2015-12,雲林縣,2015,592652000,441353000,295610000,222137000,29345971000,文化局（處）為文化觀光局（處），預決算包含觀光經費。,政事別文化支出與文化局（處）機關別預決算分開呈現；原始表單位為千元，本站換算為元。,文化部文化統計網－2025年編印（歷年資料）,https://stat.moc.gov.tw/eBook_List_DoL.aspx?id=114_01&year=2025,,2026-09-06,來源檔：20260906_1104地方文化支出及地方文化局預決算.xlsx
government-2015-13,嘉義縣,2015,174564000,150952590,436302000,378694140,25305123000,文化局（處）為文化觀光局（處），預決算包含觀光經費。,政事別文化支出與文化局（處）機關別預決算分開呈現；原始表單位為千元，本站換算為元。,文化部文化統計網－2025年編印（歷年資料）,https://stat.moc.gov.tw/eBook_List_DoL.aspx?id=114_01&year=2025,,2026-09-06,來源檔：20260906_1104地方文化支出及地方文化局預決算.xlsx
government-2015-14,屏東縣,2015,495720000,456834880,53132000,49662390,33972538000,,政事別文化支出與文化局（處）機關別預決算分開呈現；原始表單位為千元，本站換算為元。,文化部文化統計網－2025年編印（歷年資料）,https://stat.moc.gov.tw/eBook_List_DoL.aspx?id=114_01&year=2025,,2026-09-06,來源檔：20260906_1104地方文化支出及地方文化局預決算.xlsx
government-2015-15,臺東縣,2015,329659000,316019200,26713000,22565000,15504648000,,政事別文化支出與文化局（處）機關別預決算分開呈現；原始表單位為千元，本站換算為元。,文化部文化統計網－2025年編印（歷年資料）,https://stat.moc.gov.tw/eBook_List_DoL.aspx?id=114_01&year=2025,,2026-09-06,來源檔：20260906_1104地方文化支出及地方文化局預決算.xlsx
government-2015-16,花蓮縣,2015,204432000,193162420,159393000,149268090,18302686000,,政事別文化支出與文化局（處）機關別預決算分開呈現；原始表單位為千元，本站換算為元。,文化部文化統計網－2025年編印（歷年資料）,https://stat.moc.gov.tw/eBook_List_DoL.aspx?id=114_01&year=2025,,2026-09-06,來源檔：20260906_1104地方文化支出及地方文化局預決算.xlsx
government-2015-17,澎湖縣,2015,625990000,585877510,292530000,253199970,10668671000,,政事別文化支出與文化局（處）機關別預決算分開呈現；原始表單位為千元，本站換算為元。,文化部文化統計網－2025年編印（歷年資料）,https://stat.moc.gov.tw/eBook_List_DoL.aspx?id=114_01&year=2025,,2026-09-06,來源檔：20260906_1104地方文化支出及地方文化局預決算.xlsx
government-2015-18,基隆市,2015,224743400,215428300,193048400,186359800,17223767250,,政事別文化支出與文化局（處）機關別預決算分開呈現；原始表單位為千元，本站換算為元。,文化部文化統計網－2025年編印（歷年資料）,https://stat.moc.gov.tw/eBook_List_DoL.aspx?id=114_01&year=2025,,2026-09-06,來源檔：20260906_1104地方文化支出及地方文化局預決算.xlsx
government-2015-19,新竹市,2015,457460000,322827930,392268000,267918000,18716491000,,政事別文化支出與文化局（處）機關別預決算分開呈現；原始表單位為千元，本站換算為元。,文化部文化統計網－2025年編印（歷年資料）,https://stat.moc.gov.tw/eBook_List_DoL.aspx?id=114_01&year=2025,,2026-09-06,來源檔：20260906_1104地方文化支出及地方文化局預決算.xlsx
government-2015-20,嘉義市,2015,247817000,219521290,218055000,193502630,11542139000,,政事別文化支出與文化局（處）機關別預決算分開呈現；原始表單位為千元，本站換算為元。,文化部文化統計網－2025年編印（歷年資料）,https://stat.moc.gov.tw/eBook_List_DoL.aspx?id=114_01&year=2025,,2026-09-06,來源檔：20260906_1104地方文化支出及地方文化局預決算.xlsx
government-2015-21,金門縣,2015,398607000,388311170,235179000,208533690,15322621000,,政事別文化支出與文化局（處）機關別預決算分開呈現；原始表單位為千元，本站換算為元。,文化部文化統計網－2025年編印（歷年資料）,https://stat.moc.gov.tw/eBook_List_DoL.aspx?id=114_01&year=2025,,2026-09-06,來源檔：20260906_1104地方文化支出及地方文化局預決算.xlsx
government-2015-22,連江縣,2015,92085000,84868180,92290000,85009000,3269532000,,政事別文化支出與文化局（處）機關別預決算分開呈現；原始表單位為千元，本站換算為元。,文化部文化統計網－2025年編印（歷年資料）,https://stat.moc.gov.tw/eBook_List_DoL.aspx?id=114_01&year=2025,,2026-09-06,來源檔：20260906_1104地方文化支出及地方文化局預決算.xlsx
government-2016-01,新北市,2016,2775297540,2622687400,1763566290,1657753630,161187800000,,政事別文化支出與文化局（處）機關別預決算分開呈現；原始表單位為千元，本站換算為元。,文化部文化統計網－2025年編印（歷年資料）,https://stat.moc.gov.tw/eBook_List_DoL.aspx?id=114_01&year=2025,,2026-09-06,來源檔：20260906_1104地方文化支出及地方文化局預決算.xlsx
government-2016-02,臺北市,2016,10781838540,10156133000,3056584970,2742448240,163008473630,,政事別文化支出與文化局（處）機關別預決算分開呈現；原始表單位為千元，本站換算為元。,文化部文化統計網－2025年編印（歷年資料）,https://stat.moc.gov.tw/eBook_List_DoL.aspx?id=114_01&year=2025,,2026-09-06,來源檔：20260906_1104地方文化支出及地方文化局預決算.xlsx
government-2016-03,桃園市,2016,3492650000,3209419470,1480874000,1286707780,94750765000,,政事別文化支出與文化局（處）機關別預決算分開呈現；原始表單位為千元，本站換算為元。,文化部文化統計網－2025年編印（歷年資料）,https://stat.moc.gov.tw/eBook_List_DoL.aspx?id=114_01&year=2025,,2026-09-06,來源檔：20260906_1104地方文化支出及地方文化局預決算.xlsx
government-2016-04,臺中市,2016,3287078270,3115911780,1597126270,1520490950,131054168000,,政事別文化支出與文化局（處）機關別預決算分開呈現；原始表單位為千元，本站換算為元。,文化部文化統計網－2025年編印（歷年資料）,https://stat.moc.gov.tw/eBook_List_DoL.aspx?id=114_01&year=2025,,2026-09-06,來源檔：20260906_1104地方文化支出及地方文化局預決算.xlsx
government-2016-05,臺南市,2016,2214395000,2066524900,1556158000,1492044410,77210807000,,政事別文化支出與文化局（處）機關別預決算分開呈現；原始表單位為千元，本站換算為元。,文化部文化統計網－2025年編印（歷年資料）,https://stat.moc.gov.tw/eBook_List_DoL.aspx?id=114_01&year=2025,,2026-09-06,來源檔：20260906_1104地方文化支出及地方文化局預決算.xlsx
government-2016-06,高雄市,2016,2374027680,2306817630,1480687300,1448163010,120354493000,,政事別文化支出與文化局（處）機關別預決算分開呈現；原始表單位為千元，本站換算為元。,文化部文化統計網－2025年編印（歷年資料）,https://stat.moc.gov.tw/eBook_List_DoL.aspx?id=114_01&year=2025,,2026-09-06,來源檔：20260906_1104地方文化支出及地方文化局預決算.xlsx
government-2016-07,宜蘭縣,2016,573567000,477047210,495600000,401370050,22522168000,,政事別文化支出與文化局（處）機關別預決算分開呈現；原始表單位為千元，本站換算為元。,文化部文化統計網－2025年編印（歷年資料）,https://stat.moc.gov.tw/eBook_List_DoL.aspx?id=114_01&year=2025,,2026-09-06,來源檔：20260906_1104地方文化支出及地方文化局預決算.xlsx
government-2016-08,新竹縣,2016,364158000,298446560,359186000,295602610,25606803000,,政事別文化支出與文化局（處）機關別預決算分開呈現；原始表單位為千元，本站換算為元。,文化部文化統計網－2025年編印（歷年資料）,https://stat.moc.gov.tw/eBook_List_DoL.aspx?id=114_01&year=2025,,2026-09-06,來源檔：20260906_1104地方文化支出及地方文化局預決算.xlsx
government-2016-09,苗栗縣,2016,617396760,568501020,597370760,553379430,20151415000,文化局（處）為文化觀光局（處），預決算包含觀光經費。,政事別文化支出與文化局（處）機關別預決算分開呈現；原始表單位為千元，本站換算為元。,文化部文化統計網－2025年編印（歷年資料）,https://stat.moc.gov.tw/eBook_List_DoL.aspx?id=114_01&year=2025,,2026-09-06,來源檔：20260906_1104地方文化支出及地方文化局預決算.xlsx
government-2016-10,彰化縣,2016,390582000,349274620,387403000,346497600,43260718000,,政事別文化支出與文化局（處）機關別預決算分開呈現；原始表單位為千元，本站換算為元。,文化部文化統計網－2025年編印（歷年資料）,https://stat.moc.gov.tw/eBook_List_DoL.aspx?id=114_01&year=2025,,2026-09-06,來源檔：20260906_1104地方文化支出及地方文化局預決算.xlsx
government-2016-11,南投縣,2016,262901000,253809330,262901000,253809330,23550190000,,政事別文化支出與文化局（處）機關別預決算分開呈現；原始表單位為千元，本站換算為元。,文化部文化統計網－2025年編印（歷年資料）,https://stat.moc.gov.tw/eBook_List_DoL.aspx?id=114_01&year=2025,,2026-09-06,來源檔：20260906_1104地方文化支出及地方文化局預決算.xlsx
government-2016-12,雲林縣,2016,551529000,354122100,317634000,274550000,29706355000,文化局（處）為文化觀光局（處），預決算包含觀光經費。,政事別文化支出與文化局（處）機關別預決算分開呈現；原始表單位為千元，本站換算為元。,文化部文化統計網－2025年編印（歷年資料）,https://stat.moc.gov.tw/eBook_List_DoL.aspx?id=114_01&year=2025,,2026-09-06,來源檔：20260906_1104地方文化支出及地方文化局預決算.xlsx
government-2016-13,嘉義縣,2016,291763000,222328340,508307000,403584120,25571986000,文化局（處）為文化觀光局（處），預決算包含觀光經費。,政事別文化支出與文化局（處）機關別預決算分開呈現；原始表單位為千元，本站換算為元。,文化部文化統計網－2025年編印（歷年資料）,https://stat.moc.gov.tw/eBook_List_DoL.aspx?id=114_01&year=2025,,2026-09-06,來源檔：20260906_1104地方文化支出及地方文化局預決算.xlsx
government-2016-14,屏東縣,2016,578163000,511771120,161132000,156520020,33483420000,,政事別文化支出與文化局（處）機關別預決算分開呈現；原始表單位為千元，本站換算為元。,文化部文化統計網－2025年編印（歷年資料）,https://stat.moc.gov.tw/eBook_List_DoL.aspx?id=114_01&year=2025,,2026-09-06,來源檔：20260906_1104地方文化支出及地方文化局預決算.xlsx
government-2016-15,臺東縣,2016,182757000,147814340,165751000,133792000,16011033000,,政事別文化支出與文化局（處）機關別預決算分開呈現；原始表單位為千元，本站換算為元。,文化部文化統計網－2025年編印（歷年資料）,https://stat.moc.gov.tw/eBook_List_DoL.aspx?id=114_01&year=2025,,2026-09-06,來源檔：20260906_1104地方文化支出及地方文化局預決算.xlsx
government-2016-16,花蓮縣,2016,276565000,226577690,227192000,179071190,17746160000,,政事別文化支出與文化局（處）機關別預決算分開呈現；原始表單位為千元，本站換算為元。,文化部文化統計網－2025年編印（歷年資料）,https://stat.moc.gov.tw/eBook_List_DoL.aspx?id=114_01&year=2025,,2026-09-06,來源檔：20260906_1104地方文化支出及地方文化局預決算.xlsx
government-2016-17,澎湖縣,2016,220297000,183510610,184450000,149515480,9215463000,,政事別文化支出與文化局（處）機關別預決算分開呈現；原始表單位為千元，本站換算為元。,文化部文化統計網－2025年編印（歷年資料）,https://stat.moc.gov.tw/eBook_List_DoL.aspx?id=114_01&year=2025,,2026-09-06,來源檔：20260906_1104地方文化支出及地方文化局預決算.xlsx
government-2016-18,基隆市,2016,255646750,243948510,225072750,216260730,18085976900,,政事別文化支出與文化局（處）機關別預決算分開呈現；原始表單位為千元，本站換算為元。,文化部文化統計網－2025年編印（歷年資料）,https://stat.moc.gov.tw/eBook_List_DoL.aspx?id=114_01&year=2025,,2026-09-06,來源檔：20260906_1104地方文化支出及地方文化局預決算.xlsx
government-2016-19,新竹市,2016,364158000,298446560,359186000,295602610,25606803000,,政事別文化支出與文化局（處）機關別預決算分開呈現；原始表單位為千元，本站換算為元。,文化部文化統計網－2025年編印（歷年資料）,https://stat.moc.gov.tw/eBook_List_DoL.aspx?id=114_01&year=2025,,2026-09-06,來源檔：20260906_1104地方文化支出及地方文化局預決算.xlsx
government-2016-20,嘉義市,2016,332421000,296161260,302334000,268590980,11899925000,,政事別文化支出與文化局（處）機關別預決算分開呈現；原始表單位為千元，本站換算為元。,文化部文化統計網－2025年編印（歷年資料）,https://stat.moc.gov.tw/eBook_List_DoL.aspx?id=114_01&year=2025,,2026-09-06,來源檔：20260906_1104地方文化支出及地方文化局預決算.xlsx
government-2016-21,金門縣,2016,507818000,455233820,278391000,252951410,13583698000,,政事別文化支出與文化局（處）機關別預決算分開呈現；原始表單位為千元，本站換算為元。,文化部文化統計網－2025年編印（歷年資料）,https://stat.moc.gov.tw/eBook_List_DoL.aspx?id=114_01&year=2025,,2026-09-06,來源檔：20260906_1104地方文化支出及地方文化局預決算.xlsx
government-2016-22,連江縣,2016,110897000,102672160,111102000,102895000,3553231000,,政事別文化支出與文化局（處）機關別預決算分開呈現；原始表單位為千元，本站換算為元。,文化部文化統計網－2025年編印（歷年資料）,https://stat.moc.gov.tw/eBook_List_DoL.aspx?id=114_01&year=2025,,2026-09-06,來源檔：20260906_1104地方文化支出及地方文化局預決算.xlsx
government-2017-01,新北市,2017,2772404040,2630884430,1731982120,1622400380,156317363000,,政事別文化支出與文化局（處）機關別預決算分開呈現；原始表單位為千元，本站換算為元。,文化部文化統計網－2025年編印（歷年資料）,https://stat.moc.gov.tw/eBook_List_DoL.aspx?id=114_01&year=2025,,2026-09-06,來源檔：20260906_1104地方文化支出及地方文化局預決算.xlsx
government-2017-02,臺北市,2017,14199385110,12251837240,3203767900,3030413480,170868096890,,政事別文化支出與文化局（處）機關別預決算分開呈現；原始表單位為千元，本站換算為元。,文化部文化統計網－2025年編印（歷年資料）,https://stat.moc.gov.tw/eBook_List_DoL.aspx?id=114_01&year=2025,,2026-09-06,來源檔：20260906_1104地方文化支出及地方文化局預決算.xlsx
government-2017-03,桃園市,2017,3993171200,3794959550,1643347000,1531059660,102234389340,,政事別文化支出與文化局（處）機關別預決算分開呈現；原始表單位為千元，本站換算為元。,文化部文化統計網－2025年編印（歷年資料）,https://stat.moc.gov.tw/eBook_List_DoL.aspx?id=114_01&year=2025,,2026-09-06,來源檔：20260906_1104地方文化支出及地方文化局預決算.xlsx
government-2017-04,臺中市,2017,2841059750,2726438680,1409560750,1364026430,130218323000,,政事別文化支出與文化局（處）機關別預決算分開呈現；原始表單位為千元，本站換算為元。,文化部文化統計網－2025年編印（歷年資料）,https://stat.moc.gov.tw/eBook_List_DoL.aspx?id=114_01&year=2025,,2026-09-06,來源檔：20260906_1104地方文化支出及地方文化局預決算.xlsx
government-2017-05,臺南市,2017,4293570000,3989927800,3045468000,2829101040,79849723000,,政事別文化支出與文化局（處）機關別預決算分開呈現；原始表單位為千元，本站換算為元。,文化部文化統計網－2025年編印（歷年資料）,https://stat.moc.gov.tw/eBook_List_DoL.aspx?id=114_01&year=2025,,2026-09-06,來源檔：20260906_1104地方文化支出及地方文化局預決算.xlsx
government-2017-06,高雄市,2017,2400960120,2345859440,1600173590,1560125170,128799990000,,政事別文化支出與文化局（處）機關別預決算分開呈現；原始表單位為千元，本站換算為元。,文化部文化統計網－2025年編印（歷年資料）,https://stat.moc.gov.tw/eBook_List_DoL.aspx?id=114_01&year=2025,,2026-09-06,來源檔：20260906_1104地方文化支出及地方文化局預決算.xlsx
government-2017-07,宜蘭縣,2017,585810000,551147200,510581000,478307020,20965192000,,政事別文化支出與文化局（處）機關別預決算分開呈現；原始表單位為千元，本站換算為元。,文化部文化統計網－2025年編印（歷年資料）,https://stat.moc.gov.tw/eBook_List_DoL.aspx?id=114_01&year=2025,,2026-09-06,來源檔：20260906_1104地方文化支出及地方文化局預決算.xlsx
government-2017-08,新竹縣,2017,311346000,256204240,306374000,253223400,23363312000,,政事別文化支出與文化局（處）機關別預決算分開呈現；原始表單位為千元，本站換算為元。,文化部文化統計網－2025年編印（歷年資料）,https://stat.moc.gov.tw/eBook_List_DoL.aspx?id=114_01&year=2025,,2026-09-06,來源檔：20260906_1104地方文化支出及地方文化局預決算.xlsx
government-2017-09,苗栗縣,2017,652989000,623692030,637609000,609047510,21927280000,文化局（處）為文化觀光局（處），預決算包含觀光經費。,政事別文化支出與文化局（處）機關別預決算分開呈現；原始表單位為千元，本站換算為元。,文化部文化統計網－2025年編印（歷年資料）,https://stat.moc.gov.tw/eBook_List_DoL.aspx?id=114_01&year=2025,,2026-09-06,來源檔：20260906_1104地方文化支出及地方文化局預決算.xlsx
government-2017-10,彰化縣,2017,334658000,291562270,330333000,287673100,43274696000,,政事別文化支出與文化局（處）機關別預決算分開呈現；原始表單位為千元，本站換算為元。,文化部文化統計網－2025年編印（歷年資料）,https://stat.moc.gov.tw/eBook_List_DoL.aspx?id=114_01&year=2025,,2026-09-06,來源檔：20260906_1104地方文化支出及地方文化局預決算.xlsx
government-2017-11,南投縣,2017,244911000,232202770,244911000,232202770,22948016000,,政事別文化支出與文化局（處）機關別預決算分開呈現；原始表單位為千元，本站換算為元。,文化部文化統計網－2025年編印（歷年資料）,https://stat.moc.gov.tw/eBook_List_DoL.aspx?id=114_01&year=2025,,2026-09-06,來源檔：20260906_1104地方文化支出及地方文化局預決算.xlsx
government-2017-12,雲林縣,2017,996436000,890603170,385870000,339393000,30383413000,文化局（處）為文化觀光局（處），預決算包含觀光經費。,政事別文化支出與文化局（處）機關別預決算分開呈現；原始表單位為千元，本站換算為元。,文化部文化統計網－2025年編印（歷年資料）,https://stat.moc.gov.tw/eBook_List_DoL.aspx?id=114_01&year=2025,,2026-09-06,來源檔：20260906_1104地方文化支出及地方文化局預決算.xlsx
government-2017-13,嘉義縣,2017,368669000,342239810,676029000,620975020,26289790000,文化局（處）為文化觀光局（處），預決算包含觀光經費。,政事別文化支出與文化局（處）機關別預決算分開呈現；原始表單位為千元，本站換算為元。,文化部文化統計網－2025年編印（歷年資料）,https://stat.moc.gov.tw/eBook_List_DoL.aspx?id=114_01&year=2025,,2026-09-06,來源檔：20260906_1104地方文化支出及地方文化局預決算.xlsx
government-2017-14,屏東縣,2017,809447000,769215940,355554000,488387000,35643251000,,政事別文化支出與文化局（處）機關別預決算分開呈現；原始表單位為千元，本站換算為元。,文化部文化統計網－2025年編印（歷年資料）,https://stat.moc.gov.tw/eBook_List_DoL.aspx?id=114_01&year=2025,,2026-09-06,來源檔：20260906_1104地方文化支出及地方文化局預決算.xlsx
government-2017-15,臺東縣,2017,303278000,271649150,288772000,257754000,20486726000,,政事別文化支出與文化局（處）機關別預決算分開呈現；原始表單位為千元，本站換算為元。,文化部文化統計網－2025年編印（歷年資料）,https://stat.moc.gov.tw/eBook_List_DoL.aspx?id=114_01&year=2025,,2026-09-06,來源檔：20260906_1104地方文化支出及地方文化局預決算.xlsx
government-2017-16,花蓮縣,2017,356973000,340168780,285739000,272546900,19714665000,,政事別文化支出與文化局（處）機關別預決算分開呈現；原始表單位為千元，本站換算為元。,文化部文化統計網－2025年編印（歷年資料）,https://stat.moc.gov.tw/eBook_List_DoL.aspx?id=114_01&year=2025,,2026-09-06,來源檔：20260906_1104地方文化支出及地方文化局預決算.xlsx
government-2017-17,澎湖縣,2017,316947000,246090870,275544000,210641390,9077569000,,政事別文化支出與文化局（處）機關別預決算分開呈現；原始表單位為千元，本站換算為元。,文化部文化統計網－2025年編印（歷年資料）,https://stat.moc.gov.tw/eBook_List_DoL.aspx?id=114_01&year=2025,,2026-09-06,來源檔：20260906_1104地方文化支出及地方文化局預決算.xlsx
government-2017-18,基隆市,2017,313888100,295225180,283555100,269995310,17804683220,,政事別文化支出與文化局（處）機關別預決算分開呈現；原始表單位為千元，本站換算為元。,文化部文化統計網－2025年編印（歷年資料）,https://stat.moc.gov.tw/eBook_List_DoL.aspx?id=114_01&year=2025,,2026-09-06,來源檔：20260906_1104地方文化支出及地方文化局預決算.xlsx
government-2017-19,新竹市,2017,498324000,444974760,414744000,368519890,19998225000,,政事別文化支出與文化局（處）機關別預決算分開呈現；原始表單位為千元，本站換算為元。,文化部文化統計網－2025年編印（歷年資料）,https://stat.moc.gov.tw/eBook_List_DoL.aspx?id=114_01&year=2025,,2026-09-06,來源檔：20260906_1104地方文化支出及地方文化局預決算.xlsx
government-2017-20,嘉義市,2017,434933000,386784140,397758000,354657370,13173089000,,政事別文化支出與文化局（處）機關別預決算分開呈現；原始表單位為千元，本站換算為元。,文化部文化統計網－2025年編印（歷年資料）,https://stat.moc.gov.tw/eBook_List_DoL.aspx?id=114_01&year=2025,,2026-09-06,來源檔：20260906_1104地方文化支出及地方文化局預決算.xlsx
government-2017-21,金門縣,2017,795026000,754473200,514426000,481487900,14234148000,,政事別文化支出與文化局（處）機關別預決算分開呈現；原始表單位為千元，本站換算為元。,文化部文化統計網－2025年編印（歷年資料）,https://stat.moc.gov.tw/eBook_List_DoL.aspx?id=114_01&year=2025,,2026-09-06,來源檔：20260906_1104地方文化支出及地方文化局預決算.xlsx
government-2017-22,連江縣,2017,145048000,133975630,145048000,133976000,3590527000,,政事別文化支出與文化局（處）機關別預決算分開呈現；原始表單位為千元，本站換算為元。,文化部文化統計網－2025年編印（歷年資料）,https://stat.moc.gov.tw/eBook_List_DoL.aspx?id=114_01&year=2025,,2026-09-06,來源檔：20260906_1104地方文化支出及地方文化局預決算.xlsx
government-2018-01,新北市,2018,3034166460,2962167170,2189771110,2145473270,162038957000,,政事別文化支出與文化局（處）機關別預決算分開呈現；原始表單位為千元，本站換算為元。,文化部文化統計網－2025年編印（歷年資料）,https://stat.moc.gov.tw/eBook_List_DoL.aspx?id=114_01&year=2025,,2026-09-06,來源檔：20260906_1104地方文化支出及地方文化局預決算.xlsx
government-2018-02,臺北市,2018,7147038740,6609167390,2897346280,2786456350,174196885560,,政事別文化支出與文化局（處）機關別預決算分開呈現；原始表單位為千元，本站換算為元。,文化部文化統計網－2025年編印（歷年資料）,https://stat.moc.gov.tw/eBook_List_DoL.aspx?id=114_01&year=2025,,2026-09-06,來源檔：20260906_1104地方文化支出及地方文化局預決算.xlsx
government-2018-03,桃園市,2018,5424550000,5183885810,2328338000,2239335120,110054384000,,政事別文化支出與文化局（處）機關別預決算分開呈現；原始表單位為千元，本站換算為元。,文化部文化統計網－2025年編印（歷年資料）,https://stat.moc.gov.tw/eBook_List_DoL.aspx?id=114_01&year=2025,,2026-09-06,來源檔：20260906_1104地方文化支出及地方文化局預決算.xlsx
government-2018-04,臺中市,2018,4340204500,4172499850,2005328500,1953136530,139156602000,,政事別文化支出與文化局（處）機關別預決算分開呈現；原始表單位為千元，本站換算為元。,文化部文化統計網－2025年編印（歷年資料）,https://stat.moc.gov.tw/eBook_List_DoL.aspx?id=114_01&year=2025,,2026-09-06,來源檔：20260906_1104地方文化支出及地方文化局預決算.xlsx
government-2018-05,臺南市,2018,3661481000,3588604310,2934956000,2907331040,84857087000,,政事別文化支出與文化局（處）機關別預決算分開呈現；原始表單位為千元，本站換算為元。,文化部文化統計網－2025年編印（歷年資料）,https://stat.moc.gov.tw/eBook_List_DoL.aspx?id=114_01&year=2025,,2026-09-06,來源檔：20260906_1104地方文化支出及地方文化局預決算.xlsx
government-2018-06,高雄市,2018,3149793590,3093008650,2343416000,2294660700,129165402000,,政事別文化支出與文化局（處）機關別預決算分開呈現；原始表單位為千元，本站換算為元。,文化部文化統計網－2025年編印（歷年資料）,https://stat.moc.gov.tw/eBook_List_DoL.aspx?id=114_01&year=2025,,2026-09-06,來源檔：20260906_1104地方文化支出及地方文化局預決算.xlsx
government-2018-07,宜蘭縣,2018,505660000,487337600,434718000,418082940,23128108000,,政事別文化支出與文化局（處）機關別預決算分開呈現；原始表單位為千元，本站換算為元。,文化部文化統計網－2025年編印（歷年資料）,https://stat.moc.gov.tw/eBook_List_DoL.aspx?id=114_01&year=2025,,2026-09-06,來源檔：20260906_1104地方文化支出及地方文化局預決算.xlsx
government-2018-08,新竹縣,2018,446112000,414706510,442627000,412102680,23622170000,,政事別文化支出與文化局（處）機關別預決算分開呈現；原始表單位為千元，本站換算為元。,文化部文化統計網－2025年編印（歷年資料）,https://stat.moc.gov.tw/eBook_List_DoL.aspx?id=114_01&year=2025,,2026-09-06,來源檔：20260906_1104地方文化支出及地方文化局預決算.xlsx
government-2018-09,苗栗縣,2018,716034800,677843050,699652800,662534890,22831168000,文化局（處）為文化觀光局（處），預決算包含觀光經費。,政事別文化支出與文化局（處）機關別預決算分開呈現；原始表單位為千元，本站換算為元。,文化部文化統計網－2025年編印（歷年資料）,https://stat.moc.gov.tw/eBook_List_DoL.aspx?id=114_01&year=2025,,2026-09-06,來源檔：20260906_1104地方文化支出及地方文化局預決算.xlsx
government-2018-10,彰化縣,2018,494381000,447162490,490686000,444021710,43957173000,,政事別文化支出與文化局（處）機關別預決算分開呈現；原始表單位為千元，本站換算為元。,文化部文化統計網－2025年編印（歷年資料）,https://stat.moc.gov.tw/eBook_List_DoL.aspx?id=114_01&year=2025,,2026-09-06,來源檔：20260906_1104地方文化支出及地方文化局預決算.xlsx
government-2018-11,南投縣,2018,242877000,229027060,242877000,229027060,28612582000,,政事別文化支出與文化局（處）機關別預決算分開呈現；原始表單位為千元，本站換算為元。,文化部文化統計網－2025年編印（歷年資料）,https://stat.moc.gov.tw/eBook_List_DoL.aspx?id=114_01&year=2025,,2026-09-06,來源檔：20260906_1104地方文化支出及地方文化局預決算.xlsx
government-2018-12,雲林縣,2018,524803000,448327890,350953000,326502000,31575367000,文化局（處）為文化觀光局（處），預決算包含觀光經費。,政事別文化支出與文化局（處）機關別預決算分開呈現；原始表單位為千元，本站換算為元。,文化部文化統計網－2025年編印（歷年資料）,https://stat.moc.gov.tw/eBook_List_DoL.aspx?id=114_01&year=2025,,2026-09-06,來源檔：20260906_1104地方文化支出及地方文化局預決算.xlsx
government-2018-13,嘉義縣,2018,272765000,231229760,587380000,375546890,31694945000,文化局（處）為文化觀光局（處），預決算包含觀光經費。,政事別文化支出與文化局（處）機關別預決算分開呈現；原始表單位為千元，本站換算為元。,文化部文化統計網－2025年編印（歷年資料）,https://stat.moc.gov.tw/eBook_List_DoL.aspx?id=114_01&year=2025,,2026-09-06,來源檔：20260906_1104地方文化支出及地方文化局預決算.xlsx
government-2018-14,屏東縣,2018,1174065000,1135037710,536411000,515795000,41840146000,,政事別文化支出與文化局（處）機關別預決算分開呈現；原始表單位為千元，本站換算為元。,文化部文化統計網－2025年編印（歷年資料）,https://stat.moc.gov.tw/eBook_List_DoL.aspx?id=114_01&year=2025,,2026-09-06,來源檔：20260906_1104地方文化支出及地方文化局預決算.xlsx
government-2018-15,臺東縣,2018,292325000,278441230,267065000,253319310,22513694000,,政事別文化支出與文化局（處）機關別預決算分開呈現；原始表單位為千元，本站換算為元。,文化部文化統計網－2025年編印（歷年資料）,https://stat.moc.gov.tw/eBook_List_DoL.aspx?id=114_01&year=2025,,2026-09-06,來源檔：20260906_1104地方文化支出及地方文化局預決算.xlsx
government-2018-16,花蓮縣,2018,322972000,304214030,257157200,242579630,22863889000,,政事別文化支出與文化局（處）機關別預決算分開呈現；原始表單位為千元，本站換算為元。,文化部文化統計網－2025年編印（歷年資料）,https://stat.moc.gov.tw/eBook_List_DoL.aspx?id=114_01&year=2025,,2026-09-06,來源檔：20260906_1104地方文化支出及地方文化局預決算.xlsx
government-2018-17,澎湖縣,2018,341327000,280629200,299401000,247977480,10382074000,,政事別文化支出與文化局（處）機關別預決算分開呈現；原始表單位為千元，本站換算為元。,文化部文化統計網－2025年編印（歷年資料）,https://stat.moc.gov.tw/eBook_List_DoL.aspx?id=114_01&year=2025,,2026-09-06,來源檔：20260906_1104地方文化支出及地方文化局預決算.xlsx
government-2018-18,基隆市,2018,346446620,330196870,309567620,297355920,18903622000,,政事別文化支出與文化局（處）機關別預決算分開呈現；原始表單位為千元，本站換算為元。,文化部文化統計網－2025年編印（歷年資料）,https://stat.moc.gov.tw/eBook_List_DoL.aspx?id=114_01&year=2025,,2026-09-06,來源檔：20260906_1104地方文化支出及地方文化局預決算.xlsx
government-2018-19,新竹市,2018,636317000,587033050,493832000,454578560,20386100000,,政事別文化支出與文化局（處）機關別預決算分開呈現；原始表單位為千元，本站換算為元。,文化部文化統計網－2025年編印（歷年資料）,https://stat.moc.gov.tw/eBook_List_DoL.aspx?id=114_01&year=2025,,2026-09-06,來源檔：20260906_1104地方文化支出及地方文化局預決算.xlsx
government-2018-20,嘉義市,2018,356202000,331220610,307076000,287881290,15065894000,,政事別文化支出與文化局（處）機關別預決算分開呈現；原始表單位為千元，本站換算為元。,文化部文化統計網－2025年編印（歷年資料）,https://stat.moc.gov.tw/eBook_List_DoL.aspx?id=114_01&year=2025,,2026-09-06,來源檔：20260906_1104地方文化支出及地方文化局預決算.xlsx
government-2018-21,金門縣,2018,760743000,693595930,471988000,417006520,14397967000,,政事別文化支出與文化局（處）機關別預決算分開呈現；原始表單位為千元，本站換算為元。,文化部文化統計網－2025年編印（歷年資料）,https://stat.moc.gov.tw/eBook_List_DoL.aspx?id=114_01&year=2025,,2026-09-06,來源檔：20260906_1104地方文化支出及地方文化局預決算.xlsx
government-2018-22,連江縣,2018,147887000,138393450,147887000,138393000,4212645000,,政事別文化支出與文化局（處）機關別預決算分開呈現；原始表單位為千元，本站換算為元。,文化部文化統計網－2025年編印（歷年資料）,https://stat.moc.gov.tw/eBook_List_DoL.aspx?id=114_01&year=2025,,2026-09-06,來源檔：20260906_1104地方文化支出及地方文化局預決算.xlsx
government-2019-01,新北市,2019,3000740140,2939594400,2007631450,1968922910,163662023000,,政事別文化支出與文化局（處）機關別預決算分開呈現；原始表單位為千元，本站換算為元。,文化部文化統計網－2025年編印（歷年資料）,https://stat.moc.gov.tw/eBook_List_DoL.aspx?id=114_01&year=2025,,2026-09-06,來源檔：20260906_1104地方文化支出及地方文化局預決算.xlsx
government-2019-02,臺北市,2019,7780103080,7283981690,3299975010,3112485810,168652957000,,政事別文化支出與文化局（處）機關別預決算分開呈現；原始表單位為千元，本站換算為元。,文化部文化統計網－2025年編印（歷年資料）,https://stat.moc.gov.tw/eBook_List_DoL.aspx?id=114_01&year=2025,,2026-09-06,來源檔：20260906_1104地方文化支出及地方文化局預決算.xlsx
government-2019-03,桃園市,2019,6426226110,6141218430,3192139000,3039583640,114510980000,,政事別文化支出與文化局（處）機關別預決算分開呈現；原始表單位為千元，本站換算為元。,文化部文化統計網－2025年編印（歷年資料）,https://stat.moc.gov.tw/eBook_List_DoL.aspx?id=114_01&year=2025,,2026-09-06,來源檔：20260906_1104地方文化支出及地方文化局預決算.xlsx
government-2019-04,臺中市,2019,4215923960,2705851290,1429051460,1362939110,132666508000,,政事別文化支出與文化局（處）機關別預決算分開呈現；原始表單位為千元，本站換算為元。,文化部文化統計網－2025年編印（歷年資料）,https://stat.moc.gov.tw/eBook_List_DoL.aspx?id=114_01&year=2025,,2026-09-06,來源檔：20260906_1104地方文化支出及地方文化局預決算.xlsx
government-2019-05,臺南市,2019,3411717000,3337290640,2317192000,2267882990,86258744000,,政事別文化支出與文化局（處）機關別預決算分開呈現；原始表單位為千元，本站換算為元。,文化部文化統計網－2025年編印（歷年資料）,https://stat.moc.gov.tw/eBook_List_DoL.aspx?id=114_01&year=2025,,2026-09-06,來源檔：20260906_1104地方文化支出及地方文化局預決算.xlsx
government-2019-06,高雄市,2019,3754303910,3689258950,2237476000,2190847170,133489579000,,政事別文化支出與文化局（處）機關別預決算分開呈現；原始表單位為千元，本站換算為元。,文化部文化統計網－2025年編印（歷年資料）,https://stat.moc.gov.tw/eBook_List_DoL.aspx?id=114_01&year=2025,,2026-09-06,來源檔：20260906_1104地方文化支出及地方文化局預決算.xlsx
government-2019-07,宜蘭縣,2019,687923000,659794790,577835000,552886500,24976504000,,政事別文化支出與文化局（處）機關別預決算分開呈現；原始表單位為千元，本站換算為元。,文化部文化統計網－2025年編印（歷年資料）,https://stat.moc.gov.tw/eBook_List_DoL.aspx?id=114_01&year=2025,,2026-09-06,來源檔：20260906_1104地方文化支出及地方文化局預決算.xlsx
government-2019-08,新竹縣,2019,336369000,293270840,332884000,290309140,26606017000,,政事別文化支出與文化局（處）機關別預決算分開呈現；原始表單位為千元，本站換算為元。,文化部文化統計網－2025年編印（歷年資料）,https://stat.moc.gov.tw/eBook_List_DoL.aspx?id=114_01&year=2025,,2026-09-06,來源檔：20260906_1104地方文化支出及地方文化局預決算.xlsx
government-2019-09,苗栗縣,2019,852163000,820160850,836191000,804954420,23883679000,文化局（處）為文化觀光局（處），預決算包含觀光經費。,政事別文化支出與文化局（處）機關別預決算分開呈現；原始表單位為千元，本站換算為元。,文化部文化統計網－2025年編印（歷年資料）,https://stat.moc.gov.tw/eBook_List_DoL.aspx?id=114_01&year=2025,,2026-09-06,來源檔：20260906_1104地方文化支出及地方文化局預決算.xlsx
government-2019-10,彰化縣,2019,733703000,634256850,730524000,631482120,51585479000,,政事別文化支出與文化局（處）機關別預決算分開呈現；原始表單位為千元，本站換算為元。,文化部文化統計網－2025年編印（歷年資料）,https://stat.moc.gov.tw/eBook_List_DoL.aspx?id=114_01&year=2025,,2026-09-06,來源檔：20260906_1104地方文化支出及地方文化局預決算.xlsx
government-2019-11,南投縣,2019,200400000,192765890,200400000,192765890,27157860000,,政事別文化支出與文化局（處）機關別預決算分開呈現；原始表單位為千元，本站換算為元。,文化部文化統計網－2025年編印（歷年資料）,https://stat.moc.gov.tw/eBook_List_DoL.aspx?id=114_01&year=2025,,2026-09-06,來源檔：20260906_1104地方文化支出及地方文化局預決算.xlsx
government-2019-12,雲林縣,2019,1398221000,1303060000,872225000,858470000,41620526000,文化局（處）為文化觀光局（處），預決算包含觀光經費。,政事別文化支出與文化局（處）機關別預決算分開呈現；原始表單位為千元，本站換算為元。,文化部文化統計網－2025年編印（歷年資料）,https://stat.moc.gov.tw/eBook_List_DoL.aspx?id=114_01&year=2025,,2026-09-06,來源檔：20260906_1104地方文化支出及地方文化局預決算.xlsx
government-2019-13,嘉義縣,2019,327903000,312131510,482151000,453437210,33494627000,文化局（處）為文化觀光局（處），預決算包含觀光經費。,政事別文化支出與文化局（處）機關別預決算分開呈現；原始表單位為千元，本站換算為元。,文化部文化統計網－2025年編印（歷年資料）,https://stat.moc.gov.tw/eBook_List_DoL.aspx?id=114_01&year=2025,,2026-09-06,來源檔：20260906_1104地方文化支出及地方文化局預決算.xlsx
government-2019-14,屏東縣,2019,1478521000,1410072790,862270000,597349000,43432852000,,政事別文化支出與文化局（處）機關別預決算分開呈現；原始表單位為千元，本站換算為元。,文化部文化統計網－2025年編印（歷年資料）,https://stat.moc.gov.tw/eBook_List_DoL.aspx?id=114_01&year=2025,,2026-09-06,來源檔：20260906_1104地方文化支出及地方文化局預決算.xlsx
government-2019-15,臺東縣,2019,270627000,253831310,270623000,253922430,19128038000,,政事別文化支出與文化局（處）機關別預決算分開呈現；原始表單位為千元，本站換算為元。,文化部文化統計網－2025年編印（歷年資料）,https://stat.moc.gov.tw/eBook_List_DoL.aspx?id=114_01&year=2025,,2026-09-06,來源檔：20260906_1104地方文化支出及地方文化局預決算.xlsx
government-2019-16,花蓮縣,2019,459267000,450437270,401201000,392822160,23198571000,,政事別文化支出與文化局（處）機關別預決算分開呈現；原始表單位為千元，本站換算為元。,文化部文化統計網－2025年編印（歷年資料）,https://stat.moc.gov.tw/eBook_List_DoL.aspx?id=114_01&year=2025,,2026-09-06,來源檔：20260906_1104地方文化支出及地方文化局預決算.xlsx
government-2019-17,澎湖縣,2019,419097000,356074630,354474000,302441060,11242909000,,政事別文化支出與文化局（處）機關別預決算分開呈現；原始表單位為千元，本站換算為元。,文化部文化統計網－2025年編印（歷年資料）,https://stat.moc.gov.tw/eBook_List_DoL.aspx?id=114_01&year=2025,,2026-09-06,來源檔：20260906_1104地方文化支出及地方文化局預決算.xlsx
government-2019-18,基隆市,2019,1035578320,1021234270,900422320,889271920,20403209100,,政事別文化支出與文化局（處）機關別預決算分開呈現；原始表單位為千元，本站換算為元。,文化部文化統計網－2025年編印（歷年資料）,https://stat.moc.gov.tw/eBook_List_DoL.aspx?id=114_01&year=2025,,2026-09-06,來源檔：20260906_1104地方文化支出及地方文化局預決算.xlsx
government-2019-19,新竹市,2019,862504000,827408620,681066000,655677650,20362180000,,政事別文化支出與文化局（處）機關別預決算分開呈現；原始表單位為千元，本站換算為元。,文化部文化統計網－2025年編印（歷年資料）,https://stat.moc.gov.tw/eBook_List_DoL.aspx?id=114_01&year=2025,,2026-09-06,來源檔：20260906_1104地方文化支出及地方文化局預決算.xlsx
government-2019-20,嘉義市,2019,500766000,441953880,461256000,407372480,14780748000,,政事別文化支出與文化局（處）機關別預決算分開呈現；原始表單位為千元，本站換算為元。,文化部文化統計網－2025年編印（歷年資料）,https://stat.moc.gov.tw/eBook_List_DoL.aspx?id=114_01&year=2025,,2026-09-06,來源檔：20260906_1104地方文化支出及地方文化局預決算.xlsx
government-2019-21,金門縣,2019,810755000,655439400,504870000,386805640,14642489000,,政事別文化支出與文化局（處）機關別預決算分開呈現；原始表單位為千元，本站換算為元。,文化部文化統計網－2025年編印（歷年資料）,https://stat.moc.gov.tw/eBook_List_DoL.aspx?id=114_01&year=2025,,2026-09-06,來源檔：20260906_1104地方文化支出及地方文化局預決算.xlsx
government-2019-22,連江縣,2019,432932000,428493150,432932000,428493000,4834299000,,政事別文化支出與文化局（處）機關別預決算分開呈現；原始表單位為千元，本站換算為元。,文化部文化統計網－2025年編印（歷年資料）,https://stat.moc.gov.tw/eBook_List_DoL.aspx?id=114_01&year=2025,,2026-09-06,來源檔：20260906_1104地方文化支出及地方文化局預決算.xlsx
government-2020-01,新北市,2020,3664589120,3429481120,2477307580,2311709540,178688035000,,政事別文化支出與文化局（處）機關別預決算分開呈現；原始表單位為千元，本站換算為元。,文化部文化統計網－2025年編印（歷年資料）,https://stat.moc.gov.tw/eBook_List_DoL.aspx?id=114_01&year=2025,,2026-09-06,來源檔：20260906_1104地方文化支出及地方文化局預決算.xlsx
government-2020-02,臺北市,2020,7783847430,7392696860,3316421100,3117453450,171821369000,,政事別文化支出與文化局（處）機關別預決算分開呈現；原始表單位為千元，本站換算為元。,文化部文化統計網－2025年編印（歷年資料）,https://stat.moc.gov.tw/eBook_List_DoL.aspx?id=114_01&year=2025,,2026-09-06,來源檔：20260906_1104地方文化支出及地方文化局預決算.xlsx
government-2020-03,桃園市,2020,6394012700,6032404400,2666806000,2554190080,122834000000,,政事別文化支出與文化局（處）機關別預決算分開呈現；原始表單位為千元，本站換算為元。,文化部文化統計網－2025年編印（歷年資料）,https://stat.moc.gov.tw/eBook_List_DoL.aspx?id=114_01&year=2025,,2026-09-06,來源檔：20260906_1104地方文化支出及地方文化局預決算.xlsx
government-2020-04,臺中市,2020,3479828940,3382228330,2103401190,2047125320,146449943000,,政事別文化支出與文化局（處）機關別預決算分開呈現；原始表單位為千元，本站換算為元。,文化部文化統計網－2025年編印（歷年資料）,https://stat.moc.gov.tw/eBook_List_DoL.aspx?id=114_01&year=2025,,2026-09-06,來源檔：20260906_1104地方文化支出及地方文化局預決算.xlsx
government-2020-05,臺南市,2020,4145993000,3888817920,3095195000,2895306210,100794465000,,政事別文化支出與文化局（處）機關別預決算分開呈現；原始表單位為千元，本站換算為元。,文化部文化統計網－2025年編印（歷年資料）,https://stat.moc.gov.tw/eBook_List_DoL.aspx?id=114_01&year=2025,,2026-09-06,來源檔：20260906_1104地方文化支出及地方文化局預決算.xlsx
government-2020-06,高雄市,2020,3363143930,3264566970,2428258950,2379962930,146557779000,,政事別文化支出與文化局（處）機關別預決算分開呈現；原始表單位為千元，本站換算為元。,文化部文化統計網－2025年編印（歷年資料）,https://stat.moc.gov.tw/eBook_List_DoL.aspx?id=114_01&year=2025,,2026-09-06,來源檔：20260906_1104地方文化支出及地方文化局預決算.xlsx
government-2020-07,宜蘭縣,2020,472036000,443463490,395569000,370022340,24050107000,,政事別文化支出與文化局（處）機關別預決算分開呈現；原始表單位為千元，本站換算為元。,文化部文化統計網－2025年編印（歷年資料）,https://stat.moc.gov.tw/eBook_List_DoL.aspx?id=114_01&year=2025,,2026-09-06,來源檔：20260906_1104地方文化支出及地方文化局預決算.xlsx
government-2020-08,新竹縣,2020,294804000,203661850,292419000,202334660,28697176000,,政事別文化支出與文化局（處）機關別預決算分開呈現；原始表單位為千元，本站換算為元。,文化部文化統計網－2025年編印（歷年資料）,https://stat.moc.gov.tw/eBook_List_DoL.aspx?id=114_01&year=2025,,2026-09-06,來源檔：20260906_1104地方文化支出及地方文化局預決算.xlsx
government-2020-09,苗栗縣,2020,712320000,674604490,695913000,659205580,23936185000,文化局（處）為文化觀光局（處），預決算包含觀光經費。,政事別文化支出與文化局（處）機關別預決算分開呈現；原始表單位為千元，本站換算為元。,文化部文化統計網－2025年編印（歷年資料）,https://stat.moc.gov.tw/eBook_List_DoL.aspx?id=114_01&year=2025,,2026-09-06,來源檔：20260906_1104地方文化支出及地方文化局預決算.xlsx
government-2020-10,彰化縣,2020,459410000,406587660,454857000,403171960,48303750000,,政事別文化支出與文化局（處）機關別預決算分開呈現；原始表單位為千元，本站換算為元。,文化部文化統計網－2025年編印（歷年資料）,https://stat.moc.gov.tw/eBook_List_DoL.aspx?id=114_01&year=2025,,2026-09-06,來源檔：20260906_1104地方文化支出及地方文化局預決算.xlsx
government-2020-11,南投縣,2020,257041000,246175580,257041000,246175580,28909064000,,政事別文化支出與文化局（處）機關別預決算分開呈現；原始表單位為千元，本站換算為元。,文化部文化統計網－2025年編印（歷年資料）,https://stat.moc.gov.tw/eBook_List_DoL.aspx?id=114_01&year=2025,,2026-09-06,來源檔：20260906_1104地方文化支出及地方文化局預決算.xlsx
government-2020-12,雲林縣,2020,880102000,764741820,348177000,292190000,32980156000,文化局（處）為文化觀光局（處），預決算包含觀光經費。,政事別文化支出與文化局（處）機關別預決算分開呈現；原始表單位為千元，本站換算為元。,文化部文化統計網－2025年編印（歷年資料）,https://stat.moc.gov.tw/eBook_List_DoL.aspx?id=114_01&year=2025,,2026-09-06,來源檔：20260906_1104地方文化支出及地方文化局預決算.xlsx
government-2020-13,嘉義縣,2020,273577000,221544200,438857000,367848220,29485097000,文化局（處）為文化觀光局（處），預決算包含觀光經費。,政事別文化支出與文化局（處）機關別預決算分開呈現；原始表單位為千元，本站換算為元。,文化部文化統計網－2025年編印（歷年資料）,https://stat.moc.gov.tw/eBook_List_DoL.aspx?id=114_01&year=2025,,2026-09-06,來源檔：20260906_1104地方文化支出及地方文化局預決算.xlsx
government-2020-14,屏東縣,2020,1220624000,1176425810,778504640,582893000,45792750000,,政事別文化支出與文化局（處）機關別預決算分開呈現；原始表單位為千元，本站換算為元。,文化部文化統計網－2025年編印（歷年資料）,https://stat.moc.gov.tw/eBook_List_DoL.aspx?id=114_01&year=2025,,2026-09-06,來源檔：20260906_1104地方文化支出及地方文化局預決算.xlsx
government-2020-15,臺東縣,2020,509391000,486425940,492914000,471712000,21741107000,,政事別文化支出與文化局（處）機關別預決算分開呈現；原始表單位為千元，本站換算為元。,文化部文化統計網－2025年編印（歷年資料）,https://stat.moc.gov.tw/eBook_List_DoL.aspx?id=114_01&year=2025,,2026-09-06,來源檔：20260906_1104地方文化支出及地方文化局預決算.xlsx
government-2020-16,花蓮縣,2020,668150000,507781330,606434000,450176930,24999598000,,政事別文化支出與文化局（處）機關別預決算分開呈現；原始表單位為千元，本站換算為元。,文化部文化統計網－2025年編印（歷年資料）,https://stat.moc.gov.tw/eBook_List_DoL.aspx?id=114_01&year=2025,,2026-09-06,來源檔：20260906_1104地方文化支出及地方文化局預決算.xlsx
government-2020-17,澎湖縣,2020,470309000,452376190,274220000,260277870,11099967000,,政事別文化支出與文化局（處）機關別預決算分開呈現；原始表單位為千元，本站換算為元。,文化部文化統計網－2025年編印（歷年資料）,https://stat.moc.gov.tw/eBook_List_DoL.aspx?id=114_01&year=2025,,2026-09-06,來源檔：20260906_1104地方文化支出及地方文化局預決算.xlsx
government-2020-18,基隆市,2020,493053000,472754550,406873000,388140940,20639320000,,政事別文化支出與文化局（處）機關別預決算分開呈現；原始表單位為千元，本站換算為元。,文化部文化統計網－2025年編印（歷年資料）,https://stat.moc.gov.tw/eBook_List_DoL.aspx?id=114_01&year=2025,,2026-09-06,來源檔：20260906_1104地方文化支出及地方文化局預決算.xlsx
government-2020-19,新竹市,2020,1660207000,1607685380,1474856000,1432317330,23532525000,,政事別文化支出與文化局（處）機關別預決算分開呈現；原始表單位為千元，本站換算為元。,文化部文化統計網－2025年編印（歷年資料）,https://stat.moc.gov.tw/eBook_List_DoL.aspx?id=114_01&year=2025,,2026-09-06,來源檔：20260906_1104地方文化支出及地方文化局預決算.xlsx
government-2020-20,嘉義市,2020,457869000,393605440,414994000,357588280,15522510000,,政事別文化支出與文化局（處）機關別預決算分開呈現；原始表單位為千元，本站換算為元。,文化部文化統計網－2025年編印（歷年資料）,https://stat.moc.gov.tw/eBook_List_DoL.aspx?id=114_01&year=2025,,2026-09-06,來源檔：20260906_1104地方文化支出及地方文化局預決算.xlsx
government-2020-21,金門縣,2020,667789000,541556640,386382000,279152550,15397713000,,政事別文化支出與文化局（處）機關別預決算分開呈現；原始表單位為千元，本站換算為元。,文化部文化統計網－2025年編印（歷年資料）,https://stat.moc.gov.tw/eBook_List_DoL.aspx?id=114_01&year=2025,,2026-09-06,來源檔：20260906_1104地方文化支出及地方文化局預決算.xlsx
government-2020-22,連江縣,2020,269378000,264314050,269378000,264314000,5588904000,,政事別文化支出與文化局（處）機關別預決算分開呈現；原始表單位為千元，本站換算為元。,文化部文化統計網－2025年編印（歷年資料）,https://stat.moc.gov.tw/eBook_List_DoL.aspx?id=114_01&year=2025,,2026-09-06,來源檔：20260906_1104地方文化支出及地方文化局預決算.xlsx
government-2021-01,新北市,2021,4291613200,4080044670,3038665200,2902891420,179392552000,,政事別文化支出與文化局（處）機關別預決算分開呈現；原始表單位為千元，本站換算為元。,文化部文化統計網－2025年編印（歷年資料）,https://stat.moc.gov.tw/eBook_List_DoL.aspx?id=114_01&year=2025,,2026-09-06,來源檔：20260906_1104地方文化支出及地方文化局預決算.xlsx
government-2021-02,臺北市,2021,9620466170,9156399040,4530785240,4319910530,186730527000,,政事別文化支出與文化局（處）機關別預決算分開呈現；原始表單位為千元，本站換算為元。,文化部文化統計網－2025年編印（歷年資料）,https://stat.moc.gov.tw/eBook_List_DoL.aspx?id=114_01&year=2025,,2026-09-06,來源檔：20260906_1104地方文化支出及地方文化局預決算.xlsx
government-2021-03,桃園市,2021,4906630770,4509686430,2021834000,1913792430,137780000000,,政事別文化支出與文化局（處）機關別預決算分開呈現；原始表單位為千元，本站換算為元。,文化部文化統計網－2025年編印（歷年資料）,https://stat.moc.gov.tw/eBook_List_DoL.aspx?id=114_01&year=2025,,2026-09-06,來源檔：20260906_1104地方文化支出及地方文化局預決算.xlsx
government-2021-04,臺中市,2021,3803157860,3581023430,1484769410,1434260230,150601725000,,政事別文化支出與文化局（處）機關別預決算分開呈現；原始表單位為千元，本站換算為元。,文化部文化統計網－2025年編印（歷年資料）,https://stat.moc.gov.tw/eBook_List_DoL.aspx?id=114_01&year=2025,,2026-09-06,來源檔：20260906_1104地方文化支出及地方文化局預決算.xlsx
government-2021-05,臺南市,2021,3103000000,2826007560,1500669000,1373117950,100628490000,,政事別文化支出與文化局（處）機關別預決算分開呈現；原始表單位為千元，本站換算為元。,文化部文化統計網－2025年編印（歷年資料）,https://stat.moc.gov.tw/eBook_List_DoL.aspx?id=114_01&year=2025,,2026-09-06,來源檔：20260906_1104地方文化支出及地方文化局預決算.xlsx
government-2021-06,高雄市,2021,3357335940,3250297620,1958703220,1908243900,152099700000,,政事別文化支出與文化局（處）機關別預決算分開呈現；原始表單位為千元，本站換算為元。,文化部文化統計網－2025年編印（歷年資料）,https://stat.moc.gov.tw/eBook_List_DoL.aspx?id=114_01&year=2025,,2026-09-06,來源檔：20260906_1104地方文化支出及地方文化局預決算.xlsx
government-2021-07,宜蘭縣,2021,668516000,610188190,591706000,537785580,26185281000,,政事別文化支出與文化局（處）機關別預決算分開呈現；原始表單位為千元，本站換算為元。,文化部文化統計網－2025年編印（歷年資料）,https://stat.moc.gov.tw/eBook_List_DoL.aspx?id=114_01&year=2025,,2026-09-06,來源檔：20260906_1104地方文化支出及地方文化局預決算.xlsx
government-2021-08,新竹縣,2021,601461000,539073870,599104000,538516040,30351511000,,政事別文化支出與文化局（處）機關別預決算分開呈現；原始表單位為千元，本站換算為元。,文化部文化統計網－2025年編印（歷年資料）,https://stat.moc.gov.tw/eBook_List_DoL.aspx?id=114_01&year=2025,,2026-09-06,來源檔：20260906_1104地方文化支出及地方文化局預決算.xlsx
government-2021-09,苗栗縣,2021,728418000,701733380,712190000,687562440,25649349000,文化局（處）為文化觀光局（處），預決算包含觀光經費。,政事別文化支出與文化局（處）機關別預決算分開呈現；原始表單位為千元，本站換算為元。,文化部文化統計網－2025年編印（歷年資料）,https://stat.moc.gov.tw/eBook_List_DoL.aspx?id=114_01&year=2025,,2026-09-06,來源檔：20260906_1104地方文化支出及地方文化局預決算.xlsx
government-2021-10,彰化縣,2021,400421000,365468680,396441000,362258130,53497632000,,政事別文化支出與文化局（處）機關別預決算分開呈現；原始表單位為千元，本站換算為元。,文化部文化統計網－2025年編印（歷年資料）,https://stat.moc.gov.tw/eBook_List_DoL.aspx?id=114_01&year=2025,,2026-09-06,來源檔：20260906_1104地方文化支出及地方文化局預決算.xlsx
government-2021-11,南投縣,2021,172796000,159789710,172796000,159789710,29897293000,,政事別文化支出與文化局（處）機關別預決算分開呈現；原始表單位為千元，本站換算為元。,文化部文化統計網－2025年編印（歷年資料）,https://stat.moc.gov.tw/eBook_List_DoL.aspx?id=114_01&year=2025,,2026-09-06,來源檔：20260906_1104地方文化支出及地方文化局預決算.xlsx
government-2021-12,雲林縣,2021,1217197000,1102680830,345573000,187850000,39990062000,文化局（處）為文化觀光局（處），預決算包含觀光經費。,政事別文化支出與文化局（處）機關別預決算分開呈現；原始表單位為千元，本站換算為元。,文化部文化統計網－2025年編印（歷年資料）,https://stat.moc.gov.tw/eBook_List_DoL.aspx?id=114_01&year=2025,,2026-09-06,來源檔：20260906_1104地方文化支出及地方文化局預決算.xlsx
government-2021-13,嘉義縣,2021,244835000,204492940,514671000,449498690,35045141000,文化局（處）為文化觀光局（處），預決算包含觀光經費。,政事別文化支出與文化局（處）機關別預決算分開呈現；原始表單位為千元，本站換算為元。,文化部文化統計網－2025年編印（歷年資料）,https://stat.moc.gov.tw/eBook_List_DoL.aspx?id=114_01&year=2025,,2026-09-06,來源檔：20260906_1104地方文化支出及地方文化局預決算.xlsx
government-2021-14,屏東縣,2021,1897597000,1856072870,846167000,836570000,49310622000,,政事別文化支出與文化局（處）機關別預決算分開呈現；原始表單位為千元，本站換算為元。,文化部文化統計網－2025年編印（歷年資料）,https://stat.moc.gov.tw/eBook_List_DoL.aspx?id=114_01&year=2025,,2026-09-06,來源檔：20260906_1104地方文化支出及地方文化局預決算.xlsx
government-2021-15,臺東縣,2021,410415000,387728780,393538000,373235000,21455045000,,政事別文化支出與文化局（處）機關別預決算分開呈現；原始表單位為千元，本站換算為元。,文化部文化統計網－2025年編印（歷年資料）,https://stat.moc.gov.tw/eBook_List_DoL.aspx?id=114_01&year=2025,,2026-09-06,來源檔：20260906_1104地方文化支出及地方文化局預決算.xlsx
government-2021-16,花蓮縣,2021,466823000,302166400,395760000,234451170,24779800000,,政事別文化支出與文化局（處）機關別預決算分開呈現；原始表單位為千元，本站換算為元。,文化部文化統計網－2025年編印（歷年資料）,https://stat.moc.gov.tw/eBook_List_DoL.aspx?id=114_01&year=2025,,2026-09-06,來源檔：20260906_1104地方文化支出及地方文化局預決算.xlsx
government-2021-17,澎湖縣,2021,332523000,308258600,263150000,243240290,12823399000,,政事別文化支出與文化局（處）機關別預決算分開呈現；原始表單位為千元，本站換算為元。,文化部文化統計網－2025年編印（歷年資料）,https://stat.moc.gov.tw/eBook_List_DoL.aspx?id=114_01&year=2025,,2026-09-06,來源檔：20260906_1104地方文化支出及地方文化局預決算.xlsx
government-2021-18,基隆市,2021,349729000,335377480,320813000,310048010,21921242000,,政事別文化支出與文化局（處）機關別預決算分開呈現；原始表單位為千元，本站換算為元。,文化部文化統計網－2025年編印（歷年資料）,https://stat.moc.gov.tw/eBook_List_DoL.aspx?id=114_01&year=2025,,2026-09-06,來源檔：20260906_1104地方文化支出及地方文化局預決算.xlsx
government-2021-19,新竹市,2021,1130708000,1046214450,911198000,844640550,25277780000,,政事別文化支出與文化局（處）機關別預決算分開呈現；原始表單位為千元，本站換算為元。,文化部文化統計網－2025年編印（歷年資料）,https://stat.moc.gov.tw/eBook_List_DoL.aspx?id=114_01&year=2025,,2026-09-06,來源檔：20260906_1104地方文化支出及地方文化局預決算.xlsx
government-2021-20,嘉義市,2021,407299000,350033240,373265000,320598130,17586296000,,政事別文化支出與文化局（處）機關別預決算分開呈現；原始表單位為千元，本站換算為元。,文化部文化統計網－2025年編印（歷年資料）,https://stat.moc.gov.tw/eBook_List_DoL.aspx?id=114_01&year=2025,,2026-09-06,來源檔：20260906_1104地方文化支出及地方文化局預決算.xlsx
government-2021-21,金門縣,2021,468144000,425623990,322904000,293243040,14684742000,,政事別文化支出與文化局（處）機關別預決算分開呈現；原始表單位為千元，本站換算為元。,文化部文化統計網－2025年編印（歷年資料）,https://stat.moc.gov.tw/eBook_List_DoL.aspx?id=114_01&year=2025,,2026-09-06,來源檔：20260906_1104地方文化支出及地方文化局預決算.xlsx
government-2021-22,連江縣,2021,304230000,288804840,304230000,288805000,4565569000,,政事別文化支出與文化局（處）機關別預決算分開呈現；原始表單位為千元，本站換算為元。,文化部文化統計網－2025年編印（歷年資料）,https://stat.moc.gov.tw/eBook_List_DoL.aspx?id=114_01&year=2025,,2026-09-06,來源檔：20260906_1104地方文化支出及地方文化局預決算.xlsx
government-2022-01,新北市,2022,3576131920,3391277090,2685137393,2556134897,186482841000,,政事別文化支出與文化局（處）機關別預決算分開呈現；原始表單位為千元，本站換算為元。,文化部文化統計網－2025年編印（歷年資料）,https://stat.moc.gov.tw/eBook_List_DoL.aspx?id=114_01&year=2025,,2026-09-06,來源檔：20260906_1104地方文化支出及地方文化局預決算.xlsx
government-2022-02,臺北市,2022,9139136460,8880707080,4062075081,3972659756,184788395000,,政事別文化支出與文化局（處）機關別預決算分開呈現；原始表單位為千元，本站換算為元。,文化部文化統計網－2025年編印（歷年資料）,https://stat.moc.gov.tw/eBook_List_DoL.aspx?id=114_01&year=2025,,2026-09-06,來源檔：20260906_1104地方文化支出及地方文化局預決算.xlsx
government-2022-03,桃園市,2022,7993412000,7771226590,5457660000,5345507904,141051000000,,政事別文化支出與文化局（處）機關別預決算分開呈現；原始表單位為千元，本站換算為元。,文化部文化統計網－2025年編印（歷年資料）,https://stat.moc.gov.tw/eBook_List_DoL.aspx?id=114_01&year=2025,,2026-09-06,來源檔：20260906_1104地方文化支出及地方文化局預決算.xlsx
government-2022-04,臺中市,2022,4864899000,4746846690,1607273000,1539764149,162481243000,,政事別文化支出與文化局（處）機關別預決算分開呈現；原始表單位為千元，本站換算為元。,文化部文化統計網－2025年編印（歷年資料）,https://stat.moc.gov.tw/eBook_List_DoL.aspx?id=114_01&year=2025,,2026-09-06,來源檔：20260906_1104地方文化支出及地方文化局預決算.xlsx
government-2022-05,臺南市,2022,3591296000,3456086760,2111240000,2046916933,102065814000,,政事別文化支出與文化局（處）機關別預決算分開呈現；原始表單位為千元，本站換算為元。,文化部文化統計網－2025年編印（歷年資料）,https://stat.moc.gov.tw/eBook_List_DoL.aspx?id=114_01&year=2025,,2026-09-06,來源檔：20260906_1104地方文化支出及地方文化局預決算.xlsx
government-2022-06,高雄市,2022,3602427050,3560832370,2209345000,2196453153,151449682000,,政事別文化支出與文化局（處）機關別預決算分開呈現；原始表單位為千元，本站換算為元。,文化部文化統計網－2025年編印（歷年資料）,https://stat.moc.gov.tw/eBook_List_DoL.aspx?id=114_01&year=2025,,2026-09-06,來源檔：20260906_1104地方文化支出及地方文化局預決算.xlsx
government-2022-07,宜蘭縣,2022,657919000,590074020,561204000,496126416,28370376000,,政事別文化支出與文化局（處）機關別預決算分開呈現；原始表單位為千元，本站換算為元。,文化部文化統計網－2025年編印（歷年資料）,https://stat.moc.gov.tw/eBook_List_DoL.aspx?id=114_01&year=2025,,2026-09-06,來源檔：20260906_1104地方文化支出及地方文化局預決算.xlsx
government-2022-08,新竹縣,2022,512876000,480340460,509399000,478590906,32360287000,,政事別文化支出與文化局（處）機關別預決算分開呈現；原始表單位為千元，本站換算為元。,文化部文化統計網－2025年編印（歷年資料）,https://stat.moc.gov.tw/eBook_List_DoL.aspx?id=114_01&year=2025,,2026-09-06,來源檔：20260906_1104地方文化支出及地方文化局預決算.xlsx
government-2022-09,苗栗縣,2022,643833910,624620480,626059500,608754670,27012965000,文化局（處）為文化觀光局（處），預決算包含觀光經費。,政事別文化支出與文化局（處）機關別預決算分開呈現；原始表單位為千元，本站換算為元。,文化部文化統計網－2025年編印（歷年資料）,https://stat.moc.gov.tw/eBook_List_DoL.aspx?id=114_01&year=2025,,2026-09-06,來源檔：20260906_1104地方文化支出及地方文化局預決算.xlsx
government-2022-10,彰化縣,2022,514914000,494046030,508708000,488777884,59314097000,,政事別文化支出與文化局（處）機關別預決算分開呈現；原始表單位為千元，本站換算為元。,文化部文化統計網－2025年編印（歷年資料）,https://stat.moc.gov.tw/eBook_List_DoL.aspx?id=114_01&year=2025,,2026-09-06,來源檔：20260906_1104地方文化支出及地方文化局預決算.xlsx
government-2022-11,南投縣,2022,265606000,258309820,265606000,258309820,32295721000,,政事別文化支出與文化局（處）機關別預決算分開呈現；原始表單位為千元，本站換算為元。,文化部文化統計網－2025年編印（歷年資料）,https://stat.moc.gov.tw/eBook_List_DoL.aspx?id=114_01&year=2025,,2026-09-06,來源檔：20260906_1104地方文化支出及地方文化局預決算.xlsx
government-2022-12,雲林縣,2022,1252230000,1182349440,466117000,431378000,39452253000,文化局（處）為文化觀光局（處），預決算包含觀光經費。,政事別文化支出與文化局（處）機關別預決算分開呈現；原始表單位為千元，本站換算為元。,文化部文化統計網－2025年編印（歷年資料）,https://stat.moc.gov.tw/eBook_List_DoL.aspx?id=114_01&year=2025,,2026-09-06,來源檔：20260906_1104地方文化支出及地方文化局預決算.xlsx
government-2022-13,嘉義縣,2022,312757000,304705870,762584000,742577272,33420142000,文化局（處）為文化觀光局（處），預決算包含觀光經費。,政事別文化支出與文化局（處）機關別預決算分開呈現；原始表單位為千元，本站換算為元。,文化部文化統計網－2025年編印（歷年資料）,https://stat.moc.gov.tw/eBook_List_DoL.aspx?id=114_01&year=2025,,2026-09-06,來源檔：20260906_1104地方文化支出及地方文化局預決算.xlsx
government-2022-14,屏東縣,2022,1501728000,1457711970,929913000,913715000,52409186000,,政事別文化支出與文化局（處）機關別預決算分開呈現；原始表單位為千元，本站換算為元。,文化部文化統計網－2025年編印（歷年資料）,https://stat.moc.gov.tw/eBook_List_DoL.aspx?id=114_01&year=2025,,2026-09-06,來源檔：20260906_1104地方文化支出及地方文化局預決算.xlsx
government-2022-15,臺東縣,2022,442207000,417595510,384988000,276063000,22814585000,,政事別文化支出與文化局（處）機關別預決算分開呈現；原始表單位為千元，本站換算為元。,文化部文化統計網－2025年編印（歷年資料）,https://stat.moc.gov.tw/eBook_List_DoL.aspx?id=114_01&year=2025,,2026-09-06,來源檔：20260906_1104地方文化支出及地方文化局預決算.xlsx
government-2022-16,花蓮縣,2022,438615000,421926520,371282000,360534031,27448235000,,政事別文化支出與文化局（處）機關別預決算分開呈現；原始表單位為千元，本站換算為元。,文化部文化統計網－2025年編印（歷年資料）,https://stat.moc.gov.tw/eBook_List_DoL.aspx?id=114_01&year=2025,,2026-09-06,來源檔：20260906_1104地方文化支出及地方文化局預決算.xlsx
government-2022-17,澎湖縣,2022,476508000,456911140,333109000,316408074,13206268000,,政事別文化支出與文化局（處）機關別預決算分開呈現；原始表單位為千元，本站換算為元。,文化部文化統計網－2025年編印（歷年資料）,https://stat.moc.gov.tw/eBook_List_DoL.aspx?id=114_01&year=2025,,2026-09-06,來源檔：20260906_1104地方文化支出及地方文化局預決算.xlsx
government-2022-18,基隆市,2022,400754770,378231330,369101772,353576404,22236549000,,政事別文化支出與文化局（處）機關別預決算分開呈現；原始表單位為千元，本站換算為元。,文化部文化統計網－2025年編印（歷年資料）,https://stat.moc.gov.tw/eBook_List_DoL.aspx?id=114_01&year=2025,,2026-09-06,來源檔：20260906_1104地方文化支出及地方文化局預決算.xlsx
government-2022-19,新竹市,2022,1323986000,1263457950,1093472000,1042518657,25615303000,,政事別文化支出與文化局（處）機關別預決算分開呈現；原始表單位為千元，本站換算為元。,文化部文化統計網－2025年編印（歷年資料）,https://stat.moc.gov.tw/eBook_List_DoL.aspx?id=114_01&year=2025,,2026-09-06,來源檔：20260906_1104地方文化支出及地方文化局預決算.xlsx
government-2022-20,嘉義市,2022,483197000,443211770,422791000,386564400,17799543000,,政事別文化支出與文化局（處）機關別預決算分開呈現；原始表單位為千元，本站換算為元。,文化部文化統計網－2025年編印（歷年資料）,https://stat.moc.gov.tw/eBook_List_DoL.aspx?id=114_01&year=2025,,2026-09-06,來源檔：20260906_1104地方文化支出及地方文化局預決算.xlsx
government-2022-21,金門縣,2022,599961000,569629490,302946000,284278175,15522187000,,政事別文化支出與文化局（處）機關別預決算分開呈現；原始表單位為千元，本站換算為元。,文化部文化統計網－2025年編印（歷年資料）,https://stat.moc.gov.tw/eBook_List_DoL.aspx?id=114_01&year=2025,,2026-09-06,來源檔：20260906_1104地方文化支出及地方文化局預決算.xlsx
government-2022-22,連江縣,2022,423979000,367842020,423979000,367842000,6464868000,,政事別文化支出與文化局（處）機關別預決算分開呈現；原始表單位為千元，本站換算為元。,文化部文化統計網－2025年編印（歷年資料）,https://stat.moc.gov.tw/eBook_List_DoL.aspx?id=114_01&year=2025,,2026-09-06,來源檔：20260906_1104地方文化支出及地方文化局預決算.xlsx
government-2023-01,新北市,2023,3714545135,3573716057,2569566958,2544852541,197578216000,,政事別文化支出與文化局（處）機關別預決算分開呈現；原始表單位為千元，本站換算為元。,文化部文化統計網－2025年編印（歷年資料）,https://stat.moc.gov.tw/eBook_List_DoL.aspx?id=114_01&year=2025,,2026-09-06,來源檔：20260906_1104地方文化支出及地方文化局預決算.xlsx
government-2023-02,臺北市,2023,10168428160,9980771168,4736412428,4656313401,191671053000,,政事別文化支出與文化局（處）機關別預決算分開呈現；原始表單位為千元，本站換算為元。,文化部文化統計網－2025年編印（歷年資料）,https://stat.moc.gov.tw/eBook_List_DoL.aspx?id=114_01&year=2025,,2026-09-06,來源檔：20260906_1104地方文化支出及地方文化局預決算.xlsx
government-2023-03,桃園市,2023,5569251000,5367536025,3644428000,3507432176,142990851000,,政事別文化支出與文化局（處）機關別預決算分開呈現；原始表單位為千元，本站換算為元。,文化部文化統計網－2025年編印（歷年資料）,https://stat.moc.gov.tw/eBook_List_DoL.aspx?id=114_01&year=2025,,2026-09-06,來源檔：20260906_1104地方文化支出及地方文化局預決算.xlsx
government-2023-04,臺中市,2023,5138260000,4968492236,1505745000,1402743841,167766702000,,政事別文化支出與文化局（處）機關別預決算分開呈現；原始表單位為千元，本站換算為元。,文化部文化統計網－2025年編印（歷年資料）,https://stat.moc.gov.tw/eBook_List_DoL.aspx?id=114_01&year=2025,,2026-09-06,來源檔：20260906_1104地方文化支出及地方文化局預決算.xlsx
government-2023-05,臺南市,2023,4592802000,4375993785,2535228000,2459931193,109523451000,,政事別文化支出與文化局（處）機關別預決算分開呈現；原始表單位為千元，本站換算為元。,文化部文化統計網－2025年編印（歷年資料）,https://stat.moc.gov.tw/eBook_List_DoL.aspx?id=114_01&year=2025,,2026-09-06,來源檔：20260906_1104地方文化支出及地方文化局預決算.xlsx
government-2023-06,高雄市,2023,5187585512,4984922065,2876205996,2859003928,173623308000,,政事別文化支出與文化局（處）機關別預決算分開呈現；原始表單位為千元，本站換算為元。,文化部文化統計網－2025年編印（歷年資料）,https://stat.moc.gov.tw/eBook_List_DoL.aspx?id=114_01&year=2025,,2026-09-06,來源檔：20260906_1104地方文化支出及地方文化局預決算.xlsx
government-2023-07,宜蘭縣,2023,890432000,862708832,787138000,761263266,30346665000,,政事別文化支出與文化局（處）機關別預決算分開呈現；原始表單位為千元，本站換算為元。,文化部文化統計網－2025年編印（歷年資料）,https://stat.moc.gov.tw/eBook_List_DoL.aspx?id=114_01&year=2025,,2026-09-06,來源檔：20260906_1104地方文化支出及地方文化局預決算.xlsx
government-2023-08,新竹縣,2023,386558000,366419610,382904000,363694852,34823604000,,政事別文化支出與文化局（處）機關別預決算分開呈現；原始表單位為千元，本站換算為元。,文化部文化統計網－2025年編印（歷年資料）,https://stat.moc.gov.tw/eBook_List_DoL.aspx?id=114_01&year=2025,,2026-09-06,來源檔：20260906_1104地方文化支出及地方文化局預決算.xlsx
government-2023-09,苗栗縣,2023,936989000,912040010,919207000,895690330,30259417000,文化局（處）為文化觀光局（處），預決算包含觀光經費。,政事別文化支出與文化局（處）機關別預決算分開呈現；原始表單位為千元，本站換算為元。,文化部文化統計網－2025年編印（歷年資料）,https://stat.moc.gov.tw/eBook_List_DoL.aspx?id=114_01&year=2025,,2026-09-06,來源檔：20260906_1104地方文化支出及地方文化局預決算.xlsx
government-2023-10,彰化縣,2023,652726000,633840581,648754000,630025445,61396646000,,政事別文化支出與文化局（處）機關別預決算分開呈現；原始表單位為千元，本站換算為元。,文化部文化統計網－2025年編印（歷年資料）,https://stat.moc.gov.tw/eBook_List_DoL.aspx?id=114_01&year=2025,,2026-09-06,來源檔：20260906_1104地方文化支出及地方文化局預決算.xlsx
government-2023-11,南投縣,2023,236537000,230684064,236537000,230684064,31759014000,,政事別文化支出與文化局（處）機關別預決算分開呈現；原始表單位為千元，本站換算為元。,文化部文化統計網－2025年編印（歷年資料）,https://stat.moc.gov.tw/eBook_List_DoL.aspx?id=114_01&year=2025,,2026-09-06,來源檔：20260906_1104地方文化支出及地方文化局預決算.xlsx
government-2023-12,雲林縣,2023,1477956000,1379413169,902006000,832243180,45367082000,文化局（處）為文化觀光局（處），預決算包含觀光經費。,政事別文化支出與文化局（處）機關別預決算分開呈現；原始表單位為千元，本站換算為元。,文化部文化統計網－2025年編印（歷年資料）,https://stat.moc.gov.tw/eBook_List_DoL.aspx?id=114_01&year=2025,,2026-09-06,來源檔：20260906_1104地方文化支出及地方文化局預決算.xlsx
government-2023-13,嘉義縣,2023,250319000,240395823,555701000,494686070,37203802000,文化局（處）為文化觀光局（處），預決算包含觀光經費。,政事別文化支出與文化局（處）機關別預決算分開呈現；原始表單位為千元，本站換算為元。,文化部文化統計網－2025年編印（歷年資料）,https://stat.moc.gov.tw/eBook_List_DoL.aspx?id=114_01&year=2025,,2026-09-06,來源檔：20260906_1104地方文化支出及地方文化局預決算.xlsx
government-2023-14,屏東縣,2023,2024374000,1974874325,1056665000,1061219000,57654556000,,政事別文化支出與文化局（處）機關別預決算分開呈現；原始表單位為千元，本站換算為元。,文化部文化統計網－2025年編印（歷年資料）,https://stat.moc.gov.tw/eBook_List_DoL.aspx?id=114_01&year=2025,,2026-09-06,來源檔：20260906_1104地方文化支出及地方文化局預決算.xlsx
government-2023-15,臺東縣,2023,584420000,570419542,528756000,285340000,24174096000,,政事別文化支出與文化局（處）機關別預決算分開呈現；原始表單位為千元，本站換算為元。,文化部文化統計網－2025年編印（歷年資料）,https://stat.moc.gov.tw/eBook_List_DoL.aspx?id=114_01&year=2025,,2026-09-06,來源檔：20260906_1104地方文化支出及地方文化局預決算.xlsx
government-2023-16,花蓮縣,2023,710437000,703363871,665154000,660236123,29007901000,,政事別文化支出與文化局（處）機關別預決算分開呈現；原始表單位為千元，本站換算為元。,文化部文化統計網－2025年編印（歷年資料）,https://stat.moc.gov.tw/eBook_List_DoL.aspx?id=114_01&year=2025,,2026-09-06,來源檔：20260906_1104地方文化支出及地方文化局預決算.xlsx
government-2023-17,澎湖縣,2023,786291000,770132447,220955000,209384198,13833471000,,政事別文化支出與文化局（處）機關別預決算分開呈現；原始表單位為千元，本站換算為元。,文化部文化統計網－2025年編印（歷年資料）,https://stat.moc.gov.tw/eBook_List_DoL.aspx?id=114_01&year=2025,,2026-09-06,來源檔：20260906_1104地方文化支出及地方文化局預決算.xlsx
government-2023-18,基隆市,2023,511557000,453000862,477286000,425586689,23950326000,,政事別文化支出與文化局（處）機關別預決算分開呈現；原始表單位為千元，本站換算為元。,文化部文化統計網－2025年編印（歷年資料）,https://stat.moc.gov.tw/eBook_List_DoL.aspx?id=114_01&year=2025,,2026-09-06,來源檔：20260906_1104地方文化支出及地方文化局預決算.xlsx
government-2023-19,新竹市,2023,1210719000,948897040,902114000,685838512,27096526000,,政事別文化支出與文化局（處）機關別預決算分開呈現；原始表單位為千元，本站換算為元。,文化部文化統計網－2025年編印（歷年資料）,https://stat.moc.gov.tw/eBook_List_DoL.aspx?id=114_01&year=2025,,2026-09-06,來源檔：20260906_1104地方文化支出及地方文化局預決算.xlsx
government-2023-20,嘉義市,2023,528620000,491845315,458768000,424721444,19746860000,,政事別文化支出與文化局（處）機關別預決算分開呈現；原始表單位為千元，本站換算為元。,文化部文化統計網－2025年編印（歷年資料）,https://stat.moc.gov.tw/eBook_List_DoL.aspx?id=114_01&year=2025,,2026-09-06,來源檔：20260906_1104地方文化支出及地方文化局預決算.xlsx
government-2023-21,金門縣,2023,548848000,472447053,392427000,332289325,15924853000,,政事別文化支出與文化局（處）機關別預決算分開呈現；原始表單位為千元，本站換算為元。,文化部文化統計網－2025年編印（歷年資料）,https://stat.moc.gov.tw/eBook_List_DoL.aspx?id=114_01&year=2025,,2026-09-06,來源檔：20260906_1104地方文化支出及地方文化局預決算.xlsx
government-2023-22,連江縣,2023,349557000,314331025,349557000,314331000,5800998000,,政事別文化支出與文化局（處）機關別預決算分開呈現；原始表單位為千元，本站換算為元。,文化部文化統計網－2025年編印（歷年資料）,https://stat.moc.gov.tw/eBook_List_DoL.aspx?id=114_01&year=2025,,2026-09-06,來源檔：20260906_1104地方文化支出及地方文化局預決算.xlsx
government-2024-01,新北市,2024,4460779207,4349534184,2449132883,2431640130,212485063000,,政事別文化支出與文化局（處）機關別預決算分開呈現；原始表單位為千元，本站換算為元。,文化部文化統計網－2025年編印（歷年資料）,https://stat.moc.gov.tw/eBook_List_DoL.aspx?id=114_01&year=2025,,2026-09-06,來源檔：20260906_1104地方文化支出及地方文化局預決算.xlsx
government-2024-02,臺北市,2024,10749852756,10612180660,4994211602,4915889039,204982091000,,政事別文化支出與文化局（處）機關別預決算分開呈現；原始表單位為千元，本站換算為元。,文化部文化統計網－2025年編印（歷年資料）,https://stat.moc.gov.tw/eBook_List_DoL.aspx?id=114_01&year=2025,,2026-09-06,來源檔：20260906_1104地方文化支出及地方文化局預決算.xlsx
government-2024-03,桃園市,2024,6395121725,6237668401,2577072000,2548426489,156800000000,,政事別文化支出與文化局（處）機關別預決算分開呈現；原始表單位為千元，本站換算為元。,文化部文化統計網－2025年編印（歷年資料）,https://stat.moc.gov.tw/eBook_List_DoL.aspx?id=114_01&year=2025,,2026-09-06,來源檔：20260906_1104地方文化支出及地方文化局預決算.xlsx
government-2024-04,臺中市,2024,5251965000,5157413038,1769487000,1705469876,177221485000,,政事別文化支出與文化局（處）機關別預決算分開呈現；原始表單位為千元，本站換算為元。,文化部文化統計網－2025年編印（歷年資料）,https://stat.moc.gov.tw/eBook_List_DoL.aspx?id=114_01&year=2025,,2026-09-06,來源檔：20260906_1104地方文化支出及地方文化局預決算.xlsx
government-2024-05,臺南市,2024,4960389000,4762289106,2628468000,2563965905,120200240000,,政事別文化支出與文化局（處）機關別預決算分開呈現；原始表單位為千元，本站換算為元。,文化部文化統計網－2025年編印（歷年資料）,https://stat.moc.gov.tw/eBook_List_DoL.aspx?id=114_01&year=2025,,2026-09-06,來源檔：20260906_1104地方文化支出及地方文化局預決算.xlsx
government-2024-06,高雄市,2024,4226263481,4189518049,2456734077,2434081437,169571535000,,政事別文化支出與文化局（處）機關別預決算分開呈現；原始表單位為千元，本站換算為元。,文化部文化統計網－2025年編印（歷年資料）,https://stat.moc.gov.tw/eBook_List_DoL.aspx?id=114_01&year=2025,,2026-09-06,來源檔：20260906_1104地方文化支出及地方文化局預決算.xlsx
government-2024-07,宜蘭縣,2024,1306358000,1256774250,1207016000,1158203897,30920786000,,政事別文化支出與文化局（處）機關別預決算分開呈現；原始表單位為千元，本站換算為元。,文化部文化統計網－2025年編印（歷年資料）,https://stat.moc.gov.tw/eBook_List_DoL.aspx?id=114_01&year=2025,,2026-09-06,來源檔：20260906_1104地方文化支出及地方文化局預決算.xlsx
government-2024-08,新竹縣,2024,628832000,606442164,624679000,603509757,35438380000,,政事別文化支出與文化局（處）機關別預決算分開呈現；原始表單位為千元，本站換算為元。,文化部文化統計網－2025年編印（歷年資料）,https://stat.moc.gov.tw/eBook_List_DoL.aspx?id=114_01&year=2025,,2026-09-06,來源檔：20260906_1104地方文化支出及地方文化局預決算.xlsx
government-2024-09,苗栗縣,2024,887950000,866026210,865256000,847577325,31605114000,文化局（處）為文化觀光局（處），預決算包含觀光經費。,政事別文化支出與文化局（處）機關別預決算分開呈現；原始表單位為千元，本站換算為元。,文化部文化統計網－2025年編印（歷年資料）,https://stat.moc.gov.tw/eBook_List_DoL.aspx?id=114_01&year=2025,,2026-09-06,來源檔：20260906_1104地方文化支出及地方文化局預決算.xlsx
government-2024-10,彰化縣,2024,786340000,769323749,777332000,760478343,66784605000,,政事別文化支出與文化局（處）機關別預決算分開呈現；原始表單位為千元，本站換算為元。,文化部文化統計網－2025年編印（歷年資料）,https://stat.moc.gov.tw/eBook_List_DoL.aspx?id=114_01&year=2025,,2026-09-06,來源檔：20260906_1104地方文化支出及地方文化局預決算.xlsx
government-2024-11,南投縣,2024,294402000,268173044,294402000,268173044,41297362000,,政事別文化支出與文化局（處）機關別預決算分開呈現；原始表單位為千元，本站換算為元。,文化部文化統計網－2025年編印（歷年資料）,https://stat.moc.gov.tw/eBook_List_DoL.aspx?id=114_01&year=2025,,2026-09-06,來源檔：20260906_1104地方文化支出及地方文化局預決算.xlsx
government-2024-12,雲林縣,2024,2282515000,2177685301,722937000,686469880,46040594000,文化局（處）為文化觀光局（處），預決算包含觀光經費。,政事別文化支出與文化局（處）機關別預決算分開呈現；原始表單位為千元，本站換算為元。,文化部文化統計網－2025年編印（歷年資料）,https://stat.moc.gov.tw/eBook_List_DoL.aspx?id=114_01&year=2025,,2026-09-06,來源檔：20260906_1104地方文化支出及地方文化局預決算.xlsx
government-2024-13,嘉義縣,2024,381153000,333749884,796718000,740059736,39126160000,文化局（處）為文化觀光局（處），預決算包含觀光經費。,政事別文化支出與文化局（處）機關別預決算分開呈現；原始表單位為千元，本站換算為元。,文化部文化統計網－2025年編印（歷年資料）,https://stat.moc.gov.tw/eBook_List_DoL.aspx?id=114_01&year=2025,,2026-09-06,來源檔：20260906_1104地方文化支出及地方文化局預決算.xlsx
government-2024-14,屏東縣,2024,3056977000,2984679511,2196835000,2172101000,61494434000,,政事別文化支出與文化局（處）機關別預決算分開呈現；原始表單位為千元，本站換算為元。,文化部文化統計網－2025年編印（歷年資料）,https://stat.moc.gov.tw/eBook_List_DoL.aspx?id=114_01&year=2025,,2026-09-06,來源檔：20260906_1104地方文化支出及地方文化局預決算.xlsx
government-2024-15,臺東縣,2024,505013000,494494146,485414000,303885000,26324056000,,政事別文化支出與文化局（處）機關別預決算分開呈現；原始表單位為千元，本站換算為元。,文化部文化統計網－2025年編印（歷年資料）,https://stat.moc.gov.tw/eBook_List_DoL.aspx?id=114_01&year=2025,,2026-09-06,來源檔：20260906_1104地方文化支出及地方文化局預決算.xlsx
government-2024-16,花蓮縣,2024,585902000,577626847,469680000,463500958,31778249000,,政事別文化支出與文化局（處）機關別預決算分開呈現；原始表單位為千元，本站換算為元。,文化部文化統計網－2025年編印（歷年資料）,https://stat.moc.gov.tw/eBook_List_DoL.aspx?id=114_01&year=2025,,2026-09-06,來源檔：20260906_1104地方文化支出及地方文化局預決算.xlsx
government-2024-17,澎湖縣,2024,467639000,357727452,380756000,437513613,13488365000,,政事別文化支出與文化局（處）機關別預決算分開呈現；原始表單位為千元，本站換算為元。,文化部文化統計網－2025年編印（歷年資料）,https://stat.moc.gov.tw/eBook_List_DoL.aspx?id=114_01&year=2025,,2026-09-06,來源檔：20260906_1104地方文化支出及地方文化局預決算.xlsx
government-2024-18,基隆市,2024,614890000,587570959,568244000,545283403,26602932000,基隆市文化局於2024年7月1日改制為文化觀光局；本年度數字跨越改制前後，解讀時應注意觀光業務移入的組織變動。,政事別文化支出與文化局（處）機關別預決算分開呈現；原始表單位為千元，本站換算為元。,文化部文化統計網－2025年編印（歷年資料）,https://stat.moc.gov.tw/eBook_List_DoL.aspx?id=114_01&year=2025,,2026-09-06,來源檔：20260906_1104地方文化支出及地方文化局預決算.xlsx
government-2024-19,新竹市,2024,897586000,773396414,699583000,603597737,28110835000,,政事別文化支出與文化局（處）機關別預決算分開呈現；原始表單位為千元，本站換算為元。,文化部文化統計網－2025年編印（歷年資料）,https://stat.moc.gov.tw/eBook_List_DoL.aspx?id=114_01&year=2025,,2026-09-06,來源檔：20260906_1104地方文化支出及地方文化局預決算.xlsx
government-2024-20,嘉義市,2024,656739000,589039515,602351000,537046131,20471757000,,政事別文化支出與文化局（處）機關別預決算分開呈現；原始表單位為千元，本站換算為元。,文化部文化統計網－2025年編印（歷年資料）,https://stat.moc.gov.tw/eBook_List_DoL.aspx?id=114_01&year=2025,,2026-09-06,來源檔：20260906_1104地方文化支出及地方文化局預決算.xlsx
government-2024-21,金門縣,2024,828953000,700006190,562511000,446487034,15247680000,,政事別文化支出與文化局（處）機關別預決算分開呈現；原始表單位為千元，本站換算為元。,文化部文化統計網－2025年編印（歷年資料）,https://stat.moc.gov.tw/eBook_List_DoL.aspx?id=114_01&year=2025,,2026-09-06,來源檔：20260906_1104地方文化支出及地方文化局預決算.xlsx
government-2024-22,連江縣,2024,375709000,366850986,375709000,366851000,5336787000,,政事別文化支出與文化局（處）機關別預決算分開呈現；原始表單位為千元，本站換算為元。,文化部文化統計網－2025年編印（歷年資料）,https://stat.moc.gov.tw/eBook_List_DoL.aspx?id=114_01&year=2025,,2026-09-06,來源檔：20260906_1104地方文化支出及地方文化局預決算.xlsx
