city,office,district,candidate,party,official_url,official_source_type,verification_status,last_checked,notes
臺中市,縣市議員,臺中市第6選舉區,劉芩妤,台灣民眾黨,https://mimi168.tw/,候選人競選網站,已確認,2026-10-01,網站自稱劉芩妤台中市西屯區市議員候選人，刊載競選服務處與官方LINE；政黨官方候選人頁為 https://www.tpp.org.tw/election2026/candidatedetail.php?cid=167。
臺南市,縣市議員,臺南市第7選舉區,吳依潔,台灣基進,https://statebuilding.tw/candidates/16631/,政黨官方候選人頁,已確認,2026-10-01,台灣基進官方候選人頁明列台南市議員候選人與核心政策方向。
高雄市,縣市議員,高雄市第10選舉區,于仙玲,小民參政歐巴桑聯盟,,未找到,未確認,2026-10-01,僅找到第三方PrideWatch候選人頁；尚未取得本人或政黨可驗證的競選網站。
新竹市,縣市議員,新竹市第2選舉區,李玫,台灣民眾黨,https://www.tpp.org.tw/election2026/candidatedetail.php?cid=200,政黨官方候選人頁,已確認,2026-10-01,民眾黨官方頁明列新竹市第二選區市議員候選人與個人政見。
彰化縣,縣市議員,彰化縣第10選舉區,高采翎,台灣民眾黨,https://www.tpp.org.tw/election2026/candidatedetail.php?cid=212,政黨官方候選人頁,已確認,2026-10-01,民眾黨官方頁明列彰化縣第十選區山地原住民縣議員參選人與族語傳承政見。
高雄市,縣市議員,高雄市第7選舉區,林于凱,台灣民眾黨,https://vote-yukai.tw/,候選人競選網站,已確認,2026-10-01,網站明列高雄市三民區市議員參選人、候選人辦公室與政治獻金資訊。
臺北市,縣市議員,臺北市第7選舉區,林筱薇IcyangTamana,無,https://www.imvlin.com/,候選人競選網站,已確認,2026-10-01,網站明列2026臺北市平地原住民議員候選人林筱薇 Icyang Tamana；名冊姓名與政黨依中選會登錄。
臺北市,縣市議員,臺北市第2選舉區,吳欣岱,台灣基進,https://statebuilding.tw/candidates/16427/,政黨官方候選人頁,已確認,2026-10-01,台灣基進官方候選人頁明列台北市議員候選人與政治獻金資訊。
新北市,縣市議員,新北市第11選舉區,陳語倢,台灣民眾黨,https://www.tpp.org.tw/election2026/candidatedetail.php?cid=161,政黨官方候選人頁,已確認,2026-10-01,民眾黨官方頁明列新北市第十一選區市議員候選人、選區與個人政見。
高雄市,縣市議員,高雄市第4選舉區,薛兆基,無,,未找到,未確認,2026-10-01,搜尋未找到可辨識為本人或競選團隊營運的網站；既有資料來源 taiwangogo.tw 不是本次確認的官網。
臺北市,縣市議員,臺北市第5選舉區,陳力新,無,https://www.lishin.taipei/,候選人競選網站,已確認,2026-10-01,網站明列2026臺北市中正萬華市議員候選人、無黨籍身分與競選政策方向。
臺北市,縣市議員,臺北市第1選舉區,謝閔弘,時代力量,https://ahong.oen.tw/,候選人競選網站,已確認,2026-10-01,網站明列時代力量臺北市士林北投區市議員候選人謝閔弘與競選資訊。
臺北市,縣市議員,臺北市第1選舉區,鍾佩玲,民主進步黨,https://dpptaipei.org.tw/publicservans/tcc10702/,政黨官方公職頁,已確認,2026-10-01,民進黨臺北市黨部公職頁明列鍾佩玲為士林北投區市議員；候選人個人競選網站尚待另行確認。
臺北市,縣市議員,臺北市第1選舉區,黃瀞瑩,台灣民眾黨,https://www.tpp.org.tw/election2026/candidatedetail.php?cid=173,政黨官方候選人頁,已確認,2026-10-01,民眾黨官方頁明列臺北市第一選區市議員候選人黃瀞瑩及政見；另有個人競選站 hcyelection.oen.tw。
臺北市,縣市議員,臺北市第1選舉區,林揚庭,中國國民黨,,未找到,未確認,2026-10-01,以姓名與臺北市第一選區搜尋，未找到可辨識為本人或競選團隊營運的官網；不以第三方資料或舊職務頁替代。
臺北市,縣市議員,臺北市第1選舉區,陳賢蔚,民主進步黨,https://dpptaipei.org.tw/publicservan/members-of-the-taipei-city-council/,政黨官方公職總覽,已確認,2026-10-01,民進黨臺北市黨部公職總覽明列陳賢蔚為士林北投第一選區市議員；尚未找到本屆候選人個人競選站。
臺北市,縣市議員,臺北市第1選舉區,林世宗,民主進步黨,https://dpptaipei.org.tw/publicservans/lin-strong/,政黨官方公職頁,已確認,2026-10-01,民進黨臺北市黨部個人頁明列林世宗為士林北投第一選區市議員並連結個人網站。
臺北市,縣市議員,臺北市第1選舉區,陳慈慧,民主進步黨,https://dpptaipei.org.tw/publicservans/lovejikei/,政黨官方公職頁,已確認,2026-10-01,民進黨臺北市黨部個人頁明列陳慈慧為士林北投第一選區市議員並連結個人網站。
臺北市,縣市議員,臺北市第1選舉區,陳重文,無,,未找到,未確認,2026-10-01,未找到可驗證為本屆候選人或競選團隊營運的官網；既有國民黨公職名錄與新聞不足以作為本次官方候選人頁。
臺北市,縣市議員,臺北市第1選舉區,林杏兒,中國國民黨,https://lin.oen.tw/,候選人競選網站,已確認,2026-10-01,網站以林杏兒政治獻金專戶與士林北投在地參選脈絡識別候選人；名冊姓名、政黨與選區依中選會登錄。
臺北市,縣市議員,臺北市第1選舉區,張斯綱,中國國民黨,https://careaboutyou.oen.tw/,候選人競選網站,已確認,2026-10-01,網站明列臺北市議員候選人張斯綱、士林北投與地方服務處資訊。
臺北市,縣市議員,臺北市第1選舉區,賴苡任,中國國民黨,,未找到,未確認,2026-10-01,搜尋確認國民黨新聞所載競選總部資訊，但未找到候選人或競選團隊可辨識之官方網站。
臺北市,縣市議員,臺北市第1選舉區,汪志冰,中國國民黨,,未找到,未確認,2026-10-01,未找到可驗證為本屆候選人或競選團隊營運的官網；國民黨公職名錄僅作身分佐證，不作候選人官網。
臺北市,縣市議員,臺北市第2選舉區,李明賢,中國國民黨,,未找到,未確認,2026-10-01,未找到可驗證為本屆候選人或競選團隊營運的官網；第三方政策資料不列為官網。
臺北市,縣市議員,臺北市第2選舉區,陳冠安,中國國民黨,https://rocforever.oen.tw/,候選人競選網站,已確認,2026-10-01,網站明列國民黨提名臺北市內湖南港市議員參選人陳冠安、競選辦公室與港湖百策。
臺北市,縣市議員,臺北市第2選舉區,游淑慧,中國國民黨,,未找到,未確認,2026-10-01,未找到可驗證為本屆候選人或競選團隊營運的官網；政府與第三方公職資料不列為官網。
臺北市,縣市議員,臺北市第2選舉區,闕枚莎,中國國民黨,,未找到,未確認,2026-10-01,未找到可驗證為本屆候選人或競選團隊營運的官網；國民黨公職名錄僅作身分佐證，不作候選人官網。
臺北市,縣市議員,臺北市第2選舉區,吳世正,中國國民黨,,未找到,未確認,2026-10-01,未找到可驗證為本屆候選人或競選團隊營運的官網；政府與第三方公職資料不列為官網。
臺北市,縣市議員,臺北市第3選舉區,詹為元,中國國民黨,,未找到,未確認,2026-10-01,未找到可驗證為本屆候選人或競選團隊營運的官網；政府與第三方公職資料不列為官網。
臺北市,縣市議員,臺北市第3選舉區,李明璇,中國國民黨,https://ssxy.oen.tw/,候選人競選網站,已確認,2026-10-01,網站明列臺北市第三選區松山信義市議員候選人李明璇，並提供競選募款與服務資訊。
臺北市,縣市議員,臺北市第3選舉區,秦慧珠,中國國民黨,,未找到,未確認,2026-10-01,未找到可驗證為本屆候選人或競選團隊營運的官網；政府、媒體與歷年選舉資料不列為官網。
臺北市,縣市議員,臺北市第3選舉區,戴錫欽,中國國民黨,,未找到,未確認,2026-10-01,未找到可驗證為本屆候選人或競選團隊營運的官網；國民黨中常委頁與政府資料僅作身分佐證。
臺北市,縣市議員,臺北市第3選舉區,許原榮,中國國民黨,,未找到,未確認,2026-10-01,未找到可驗證為本屆候選人或競選團隊營運的官網。
臺北市,縣市議員,臺北市第4選舉區,李易儒,中國國民黨,,未找到,未確認,2026-10-01,未找到可驗證為本屆候選人或競選團隊營運的官網；第三方候選人名冊不列為官網。
臺北市,縣市議員,臺北市第4選舉區,陳炳甫,中國國民黨,,未找到,未確認,2026-10-01,未找到可驗證為本屆候選人或競選團隊營運的官網；政府新聞與服務處徵才頁不列為官網。
臺北市,縣市議員,臺北市第1選舉區,林延鳳,民主進步黨,https://page.line.me/537ocxdh,候選人官方LINE帳號,已確認,2026-10-01,LINE官方帳號明列台北市議員林延鳳與士林北投服務處；非網站型態，後續另尋可擷取政見的官方網頁。
臺北市,縣市議員,臺北市第2選舉區,高嘉瑜,民主進步黨,,未找到,未確認,2026-10-01,未找到可驗證為本屆市議員候選人或競選團隊營運的官網；立法院既有委員頁不列為本屆候選人官網。
臺北市,縣市議員,臺北市第2選舉區,王孝維,民主進步黨,https://dpptaipei.org.tw/publicservans/%E7%8E%8B%E5%AD%9D%E7%B6%AD/,政黨官方公職頁,已確認,2026-10-01,民進黨臺北市黨部個人頁明列王孝維為內湖南港第二選區市議員並連結個人網站。
臺北市,縣市議員,臺北市第2選舉區,何孟樺,民主進步黨,,未找到,未確認,2026-10-01,未找到可驗證為本屆候選人或競選團隊營運的官網；政府與第三方公職資料不列為官網。
臺北市,縣市議員,臺北市第2選舉區,陳宥丞,台灣民眾黨,https://www.tpp.org.tw/election2026/candidatedetail.php?cid=172,政黨官方候選人頁,已確認,2026-10-01,民眾黨官方候選人頁明列臺北市第二選區市議員候選人陳宥丞及個人政見。
臺北市,縣市議員,臺北市第3選舉區,許甫,台灣民眾黨,https://flash.justice-tw.org/politicians/%E8%A8%B1%E7%94%AB,候選人競選網站,已確認,2026-10-01,網站明列臺北市松山信義區市議員參選人許甫、候選人政治獻金專戶與候選人辦公室聯絡資訊。
臺北市,縣市議員,臺北市第4選舉區,林珍羽,台灣民眾黨,https://www.tpp.org.tw/election2026/candidatedetail.php?cid=169,政黨官方候選人頁,已確認,2026-10-01,民眾黨官方候選人頁明列臺北市第四選區市議員候選人林珍羽。
臺北市,縣市議員,臺北市第5選舉區,吳怡萱,台灣民眾黨,https://www.tpp.org.tw/newsdetail/4689,政黨官方競選新聞,已確認,2026-10-01,民眾黨官方新聞明列中正萬華市議員參選人吳怡萱競選總部成立；尚未找到個人競選網站。
臺北市,縣市議員,臺北市第6選舉區,張志豪,台灣民眾黨,https://www.tpp.org.tw/memberdetail/6/59,政黨官方公職頁,已確認,2026-10-01,民眾黨官方公職頁明列台北市議員張志豪服務處；名冊選區為臺北市第六選區。
新北市,縣市議員,新北市第3選舉區,陳世軒,台灣民眾黨,https://242jimmychen.oen.tw/,候選人競選網站,已確認,2026-10-01,網站明列台灣民眾黨新莊區市議員提名人陳世軒與競選主張。
新北市,縣市議員,新北市第4選舉區,陳彥廷,台灣民眾黨,https://andy.believe.tw/,候選人競選網站,已確認,2026-10-01,網站明列新北市三重蘆洲市議員候選人陳彥廷與競選服務內容。
新北市,縣市議員,新北市第5選舉區,林子宇,台灣民眾黨,https://www.tpp.org.tw/election2026/candidatedetail.php?cid=195,政黨官方候選人頁,已確認,2026-10-01,民眾黨官方候選人頁明列新北市第五選區板橋市議員候選人林子宇。
新北市,縣市議員,新北市第6選舉區,陳怡君,台灣民眾黨,https://www.tpp.org.tw/election2026/candidatedetail.php?cid=197,政黨官方候選人頁,已確認,2026-10-01,民眾黨官方候選人總覽與個人頁均明列新北市第六選區候選人。
新北市,縣市議員,新北市第8選舉區,吳亞倫,台灣民眾黨,https://www.tpp.org.tw/election2026/candidatedetail.php?cid=194,政黨官方候選人頁,已確認,2026-10-01,民眾黨官方候選人總覽與個人頁均明列新北市第八選區候選人。
新北市,縣市議員,新北市第9選舉區,邸聖德,台灣民眾黨,https://www.tpp.org.tw/election2026/candidatedetail.php?cid=261,政黨官方候選人頁,已確認,2026-10-01,民眾黨官方候選人總覽與個人頁均明列新北市第九選區候選人。
桃園市,縣市議員,桃園市第1選舉區,徐千晴,台灣民眾黨,https://www.tpp.org.tw/election2026/candidatedetail.php?cid=186,政黨官方候選人頁,已確認,2026-10-01,民眾黨官方候選人總覽與個人頁均明列桃園市第一選區候選人。
桃園市,縣市議員,桃園市第2選舉區,周曉芸,台灣民眾黨,https://www.tpp.org.tw/election2026/candidatedetail.php?cid=237,政黨官方候選人頁,已確認,2026-10-01,民眾黨官方候選人總覽與個人頁均明列桃園市第二選區候選人。
桃園市,縣市議員,桃園市第3選舉區,林晏良,台灣民眾黨,https://www.tpp.org.tw/election2026/candidatedetail.php?cid=185,政黨官方候選人頁,已確認,2026-10-01,民眾黨官方候選人總覽與個人頁均明列桃園市第三選區候選人。
桃園市,縣市議員,桃園市第8選舉區,吳正吉,台灣民眾黨,https://www.tpp.org.tw/election2026/candidatedetail.php?cid=183,政黨官方候選人頁,已確認,2026-10-01,民眾黨官方候選人總覽與個人頁均明列桃園市第八選區候選人。
臺中市,縣市議員,臺中市第2選舉區,陳永祥,台灣民眾黨,https://www.tpp.org.tw/election2026/candidatedetail.php?cid=166,政黨官方候選人頁,已確認,2026-10-01,民眾黨官方候選人總覽與個人頁均明列臺中市第二選區候選人。
臺中市,縣市議員,臺中市第4選舉區,連小華,台灣民眾黨,https://www.tpp.org.tw/election2026/candidatedetail.php?cid=165,政黨官方候選人頁,已確認,2026-10-01,民眾黨官方候選人總覽與個人頁均明列臺中市第四選區候選人。
臺中市,縣市議員,臺中市第8選舉區,邱于珊,台灣民眾黨,https://www.tpp.org.tw/election2026/candidatedetail.php?cid=163,政黨官方候選人頁,已確認,2026-10-01,民眾黨官方候選人總覽與個人頁均明列臺中市第八選區候選人。
臺中市,縣市議員,臺中市第12選舉區,許書豪,台灣民眾黨,https://www.tpp.org.tw/election2026/candidatedetail.php?cid=164,政黨官方候選人頁,已確認,2026-10-01,民眾黨官方候選人總覽與個人頁均明列臺中市第十二選區候選人。
臺中市,縣市議員,臺中市第13選舉區,江和樹,台灣民眾黨,https://www.tpp.org.tw/election2026/candidatedetail.php?cid=162,政黨官方候選人頁,已確認,2026-10-01,民眾黨官方候選人總覽與個人頁均明列臺中市第十三選區候選人。
臺南市,縣市議員,臺南市第1選舉區,陳詩薇,台灣民眾黨,https://www.tpp.org.tw/election2026/candidatedetail.php?cid=176,政黨官方候選人頁,已確認,2026-10-01,民眾黨官方候選人總覽與個人頁均明列臺南市第一選區候選人。
臺南市,縣市議員,臺南市第7選舉區,林乃立,台灣民眾黨,https://www.tpp.org.tw/election2026/candidatedetail.php?cid=175,政黨官方候選人頁,已確認,2026-10-01,民眾黨官方候選人總覽與個人頁均明列臺南市第七選區候選人。
臺南市,縣市議員,臺南市第8選舉區,江明宗,台灣民眾黨,https://www.tpp.org.tw/election2026/candidatedetail.php?cid=174,政黨官方候選人頁,已確認,2026-10-01,民眾黨官方候選人總覽與個人頁均明列臺南市第八選區候選人。
臺南市,縣市議員,臺南市第9選舉區,蕭漍華,台灣民眾黨,https://www.tpp.org.tw/election2026/candidatedetail.php?cid=177,政黨官方候選人頁,已確認,2026-10-01,民眾黨官方候選人總覽與個人頁均明列臺南市第九選區候選人。
新竹縣,縣市議員,新竹縣第2選舉區,游雅婷,台灣民眾黨,https://www.tpp.org.tw/election2026/candidatedetail.php?cid=206,政黨官方候選人頁,已確認,2026-10-01,民眾黨官方候選人總覽與個人頁均明列新竹縣第二選區候選人。
新竹縣,縣市議員,新竹縣第2選舉區,林碩彥,台灣民眾黨,https://www.tpp.org.tw/election2026/candidatedetail.php?cid=204,政黨官方候選人頁,已確認,2026-10-01,民眾黨官方候選人總覽與個人頁均明列新竹縣第二選區候選人。
新竹縣,縣市議員,新竹縣第3選舉區,陳岫玫,台灣民眾黨,https://www.tpp.org.tw/election2026/candidatedetail.php?cid=159,政黨官方候選人頁,已確認,2026-10-01,民眾黨官方候選人總覽與個人頁均明列新竹縣第三選區候選人。
新竹縣,縣市議員,新竹縣第4選舉區,徐勝凌,台灣民眾黨,https://www.tpp.org.tw/election2026/candidatedetail.php?cid=205,政黨官方候選人頁,已確認,2026-10-01,民眾黨官方候選人總覽與個人頁均明列新竹縣第四選區候選人。
新竹縣,縣市議員,新竹縣第9選舉區,鍾心渝,台灣民眾黨,https://www.tpp.org.tw/election2026/candidatedetail.php?cid=207,政黨官方候選人頁,已確認,2026-10-01,民眾黨官方候選人總覽與個人頁均明列新竹縣第九選區候選人。
苗栗縣,縣市議員,苗栗縣第4選舉區,蔡君婷,台灣民眾黨,https://www.tpp.org.tw/election2026/candidatedetail.php?cid=182,政黨官方候選人頁,已確認,2026-10-01,民眾黨官方候選人總覽與個人頁均明列苗栗縣第四選區候選人。
苗栗縣,縣市議員,苗栗縣第5選舉區,林志學,台灣民眾黨,https://www.tpp.org.tw/election2026/candidatedetail.php?cid=160,政黨官方候選人頁,已確認,2026-10-01,民眾黨官方候選人總覽與個人頁均明列苗栗縣第五選區候選人。
彰化縣,縣市議員,彰化縣第1選舉區,吳韋達,台灣民眾黨,https://www.tpp.org.tw/election2026/candidatedetail.php?cid=210,政黨官方候選人頁,已確認,2026-10-01,民眾黨官方候選人總覽與個人頁均明列彰化縣第一選區候選人。
彰化縣,縣市議員,彰化縣第3選舉區,蘇智弦,台灣民眾黨,https://www.tpp.org.tw/election2026/candidatedetail.php?cid=214,政黨官方候選人頁,已確認,2026-10-01,民眾黨官方候選人總覽與個人頁均明列彰化縣第三選區候選人。
彰化縣,縣市議員,彰化縣第4選舉區,張雪如,台灣民眾黨,https://www.tpp.org.tw/election2026/candidatedetail.php?cid=213,政黨官方候選人頁,已確認,2026-10-01,民眾黨官方候選人總覽與個人頁均明列彰化縣第四選區候選人。
彰化縣,縣市議員,彰化縣第8選舉區,洪雅婷,台灣民眾黨,https://www.tpp.org.tw/election2026/candidatedetail.php?cid=211,政黨官方候選人頁,已確認,2026-10-01,民眾黨官方候選人總覽與個人頁均明列彰化縣第八選區候選人。
南投縣,縣市議員,南投縣第1選舉區,吳淳祐,台灣民眾黨,https://www.tpp.org.tw/election2026/candidatedetail.php?cid=257,政黨官方候選人頁,已確認,2026-10-01,民眾黨官方候選人總覽與個人頁均明列南投縣第一選區候選人。
雲林縣,縣市議員,雲林縣第3選舉區,陳乙辰,台灣民眾黨,https://www.tpp.org.tw/election2026/candidatedetail.php?cid=193,政黨官方候選人頁,已確認,2026-10-01,民眾黨官方候選人總覽與個人頁均明列雲林縣第三選區候選人。
雲林縣,縣市議員,雲林縣第4選舉區,張家閎,台灣民眾黨,https://www.tpp.org.tw/election2026/candidatedetail.php?cid=192,政黨官方候選人頁,已確認,2026-10-01,民眾黨官方候選人總覽與個人頁均明列雲林縣第四選區候選人。
雲林縣,縣市議員,雲林縣第5選舉區,林宜豊,台灣民眾黨,https://www.tpp.org.tw/election2026/candidatedetail.php?cid=258,政黨官方候選人頁,已確認,2026-10-01,民眾黨官方候選人總覽與個人頁均明列雲林縣第五選區候選人。
嘉義縣,縣市議員,嘉義縣第4選舉區,萬家甫,台灣民眾黨,https://www.tpp.org.tw/election2026/candidatedetail.php?cid=209,政黨官方候選人頁,已確認,2026-10-01,民眾黨官方候選人總覽與個人頁均明列嘉義縣第四選區候選人。
屏東縣,縣市議員,屏東縣第1選舉區,林育先,台灣民眾黨,https://www.tpp.org.tw/election2026/candidatedetail.php?cid=181,政黨官方候選人頁,已確認,2026-10-01,民眾黨官方候選人總覽與個人頁均明列屏東縣第一選區候選人。
宜蘭縣,縣市議員,宜蘭縣第1選舉區,林蒼佑,台灣民眾黨,https://www.tpp.org.tw/election2026/candidatedetail.php?cid=178,政黨官方候選人頁,已確認,2026-10-01,民眾黨官方候選人總覽與個人頁均明列宜蘭縣第一選區候選人。
宜蘭縣,縣市議員,宜蘭縣第6選舉區,王乾明,台灣民眾黨,https://www.tpp.org.tw/election2026/candidatedetail.php?cid=242,政黨官方候選人頁,已確認,2026-10-01,民眾黨官方候選人總覽與個人頁均明列宜蘭縣第六選區候選人。
花蓮縣,縣市議員,花蓮縣第1選舉區,蔡翼陽,台灣民眾黨,https://www.tpp.org.tw/election2026/candidatedetail.php?cid=256,政黨官方候選人頁,已確認,2026-10-01,民眾黨官方候選人總覽與個人頁均明列花蓮縣第一選區候選人。
澎湖縣,縣市議員,澎湖縣第1選舉區,莊國輝,台灣民眾黨,https://www.tpp.org.tw/election2026/candidatedetail.php?cid=215,政黨官方候選人頁,已確認,2026-10-01,民眾黨官方候選人總覽與個人頁均明列澎湖縣第一選區候選人。
金門縣,縣市議員,金門縣第1選舉區,尚文凱,台灣民眾黨,https://www.tpp.org.tw/election2026/candidatedetail.php?cid=179,政黨官方候選人頁,已確認,2026-10-01,民眾黨官方候選人總覽與個人頁均明列金門縣第一選區候選人。
金門縣,縣市議員,金門縣第1選舉區,楊霈璿,台灣民眾黨,https://www.tpp.org.tw/election2026/candidatedetail.php?cid=180,政黨官方候選人頁,已確認,2026-10-01,民眾黨官方候選人總覽與個人頁均明列金門縣第一選區候選人。
基隆市,縣市議員,基隆市第1選舉區,林廷翰,台灣民眾黨,https://www.tpp.org.tw/election2026/candidatedetail.php?cid=190,政黨官方候選人頁,已確認,2026-10-01,民眾黨官方候選人總覽與個人頁均明列基隆市第一選區候選人。
基隆市,縣市議員,基隆市第2選舉區,黃申棟,台灣民眾黨,https://www.tpp.org.tw/election2026/candidatedetail.php?cid=191,政黨官方候選人頁,已確認,2026-10-01,民眾黨官方候選人總覽與個人頁均明列基隆市第二選區候選人。
基隆市,縣市議員,基隆市第4選舉區,呂承祐,台灣民眾黨,https://www.tpp.org.tw/election2026/candidatedetail.php?cid=188,政黨官方候選人頁,已確認,2026-10-01,民眾黨官方候選人總覽與個人頁均明列基隆市第四選區候選人。
基隆市,縣市議員,基隆市第5選舉區,李文耀,台灣民眾黨,https://www.tpp.org.tw/election2026/candidatedetail.php?cid=189,政黨官方候選人頁,已確認,2026-10-01,民眾黨官方候選人總覽與個人頁均明列基隆市第五選區候選人。
新竹市,縣市議員,新竹市第1選舉區,李國璋,台灣民眾黨,https://www.tpp.org.tw/election2026/candidatedetail.php?cid=201,政黨官方候選人頁,已確認,2026-10-01,民眾黨官方候選人總覽與個人頁均明列新竹市第一選區候選人。
新竹市,縣市議員,新竹市第1選舉區,宋品瑩,台灣民眾黨,https://www.tpp.org.tw/election2026/candidatedetail.php?cid=199,政黨官方候選人頁,已確認,2026-10-01,民眾黨官方候選人總覽與個人頁均明列新竹市第一選區候選人。
新竹市,縣市議員,新竹市第3選舉區,施淑婷,台灣民眾黨,https://www.tpp.org.tw/election2026/candidatedetail.php?cid=262,政黨官方候選人頁,已確認,2026-10-01,民眾黨官方候選人總覽與個人頁均明列新竹市第三選區候選人。
新竹市,縣市議員,新竹市第4選舉區,蔡文盛,台灣民眾黨,https://www.tpp.org.tw/election2026/candidatedetail.php?cid=203,政黨官方候選人頁,已確認,2026-10-01,民眾黨官方候選人總覽與個人頁均明列新竹市第四選區候選人。
新竹市,縣市議員,新竹市第5選舉區,葉國文,台灣民眾黨,https://www.tpp.org.tw/election2026/candidatedetail.php?cid=202,政黨官方候選人頁,已確認,2026-10-01,民眾黨官方候選人總覽與個人頁均明列新竹市第五選區候選人。
嘉義市,縣市議員,嘉義市第1選舉區,林昱孜,台灣民眾黨,https://www.tpp.org.tw/election2026/candidatedetail.php?cid=208,政黨官方候選人頁,已確認,2026-10-01,民眾黨官方候選人總覽與個人頁均明列嘉義市第一選區候選人。
新竹市,縣市議員,新竹市第7選舉區,趙若芸,台灣民眾黨,https://www.tpp.org.tw/election2026/candidatedetail.php?cid=243,政黨官方候選人頁,已確認,2026-10-01,民眾黨官方候選人總覽與個人頁均明列新竹市第七選區候選人。
臺北市,縣市議員,臺北市第2選舉區,陳又新,民主進步黨,,未找到,未確認,2026-10-01,未找到可驗證為本屆候選人或競選團隊營運的官網；第三方候選人資料不列為官網。
臺北市,縣市議員,臺北市第3選舉區,張文潔,民主進步黨,https://dpptaipei.org.tw/publicservans/maunan/,政黨官方公職頁,已確認,2026-10-01,民進黨臺北市黨部個人頁明列張文潔為松山信義第三選區市議員並連結個人網站。
臺北市,縣市議員,臺北市第3選舉區,郭凡,民主進步黨,,未找到,未確認,2026-10-01,未找到可驗證為本屆候選人或競選團隊營運的官網；政治獻金支付頁不列為官網。
臺北市,縣市議員,臺北市第3選舉區,洪健益,民主進步黨,,未找到,未確認,2026-10-01,未找到可驗證為本屆候選人或競選團隊營運的官網；政府與第三方公職資料不列為官網。
臺北市,縣市議員,臺北市第3選舉區,許淑華,民主進步黨,https://dpptaipei.org.tw/publicservans/hsu-shu-hua/,政黨官方公職頁,已確認,2026-10-01,民進黨臺北市黨部個人頁明列許淑華為松山信義第三選區市議員並連結個人網站。
臺北市,縣市議員,臺北市第4選舉區,顏若芳,民主進步黨,https://dpptaipei.org.tw/publicservans/tcc9906/,政黨官方公職頁,已確認,2026-10-01,民進黨臺北市黨部個人頁明列顏若芳為中山大同第四選區市議員並連結個人網站。
臺北市,縣市議員,臺北市第4選舉區,賴俊翰,民主進步黨,,未找到,未確認,2026-10-01,未找到可驗證為本屆候選人或競選團隊營運的官網；第三方候選人資料不列為官網。
臺北市,縣市議員,臺北市第4選舉區,林子揚,民主進步黨,,未找到,未確認,2026-10-01,未找到可驗證為本屆候選人或競選團隊營運的官網；第三方候選人資料不列為官網。
臺北市,縣市議員,臺北市第4選舉區,林亮君,民主進步黨,https://dpptaipei.org.tw/publicservans/tcc10710/,政黨官方公職頁,已確認,2026-10-01,民進黨臺北市黨部個人頁明列林亮君為中山大同第四選區市議員並連結個人網站。
臺北市,縣市議員,臺北市第5選舉區,張銘祐,民主進步黨,https://portaly.cc/mingyo/pages/about,候選人官方連結頁,已確認,2026-10-01,頁面署名中正萬華張銘祐，載有候選人政治獻金專戶與參選說明，可驗證為候選人營運連結頁。
臺北市,縣市議員,臺北市第5選舉區,洪婉臻,民主進步黨,https://dpptaipei.org.tw/publicservans/%E6%B4%AA%E5%A9%89%E8%87%BB/,政黨官方公職頁,已確認,2026-10-01,民進黨臺北市黨部個人頁明列洪婉臻為中正萬華第五選區市議員並連結個人網站。
臺北市,縣市議員,臺北市第5選舉區,劉耀仁,民主進步黨,https://dpptaipei.org.tw/publicservans/liuyaoren/,政黨官方公職頁,已確認,2026-10-01,民進黨臺北市黨部個人頁明列劉耀仁為中正萬華第五選區市議員並連結個人網站。
臺北市,縣市議員,臺北市第5選舉區,馬郁雯,民主進步黨,https://rightnowchange.oen.tw/,候選人官方網站,已確認,2026-10-01,網站頁首明列台北市議員候選人馬郁雯，並載有競選辦公室與服務資訊。
臺北市,縣市議員,臺北市第6選舉區,簡舒培,民主進步黨,https://dpptaipei.org.tw/publicservans/tcc10311/,政黨官方公職頁,已確認,2026-10-01,民進黨臺北市黨部個人頁明列簡舒培為大安文山第六選區市議員並連結個人網站。
臺北市,縣市議員,臺北市第6選舉區,陳聖文,民主進步黨,,未找到,未確認,2026-10-01,未找到可驗證為本屆候選人或競選團隊營運的官網；政府與第三方公職資料不列為官網。
臺北市,縣市議員,臺北市第6選舉區,劉品妡,民主進步黨,,未找到,未確認,2026-10-01,未找到可驗證為本屆候選人或競選團隊營運的官網；政治獻金支付頁不列為官網。
臺北市,縣市議員,臺北市第6選舉區,王閔生,民主進步黨,https://dpptaipei.org.tw/publicservans/min-sheng-wang/,政黨官方公職頁,已確認,2026-10-01,民進黨臺北市黨部個人頁明列王閔生為大安文山第六選區市議員並連結個人網站。
臺北市,縣市議員,臺北市第8選舉區,林家豪,民主進步黨,,未找到,未確認,2026-10-01,未找到可驗證為本屆候選人或競選團隊營運的官網；第三方候選人資料不列為官網。
新北市,縣市議員,新北市第1選舉區,鄭宇恩,民主進步黨,https://withyuen.com/,候選人官方網站,已確認,2026-10-01,網站自稱鄭宇恩市議員，載有團隊聯絡與市政陳情資訊；民進黨新北市黨部公職頁亦列鄭宇恩。
新北市,縣市議員,新北市第1選舉區,游明諺,民主進步黨,,未找到,未確認,2026-10-01,未找到可驗證為本屆候選人或競選團隊營運的官網；第三方候選人資料不列為官網。
新北市,縣市議員,新北市第2選舉區,戴翎育,民主進步黨,https://www.dppnt.org.tw/20260621news/,政黨官方候選人新聞,已確認,2026-10-01,民進黨新北市黨部新聞明列新北市議員候選人戴翎育並報導其五股座談會。
新北市,縣市議員,新北市第2選舉區,李宇翔,民主進步黨,https://www.dppnt.org.tw/20260621-2/,政黨官方候選人新聞,已確認,2026-10-01,民進黨新北市黨部新聞明列新北市議員李宇翔，並記載其爭取連任的座談會。
新北市,縣市議員,新北市第3選舉區,翁震州,民主進步黨,https://www.dppnt.org.tw/about/public-servant/,政黨官方公職名冊,已確認,2026-10-01,民進黨新北市黨部公職人員頁列翁震州為新北市第三選區議員並載服務處資訊。
新北市,縣市議員,新北市第3選舉區,林秉宥,民主進步黨,https://www.dppnt.org.tw/about/public-servant/,政黨官方公職名冊,已確認,2026-10-01,民進黨新北市黨部公職人員頁列林秉宥為新北市第三選區議員並載服務處資訊。
新北市,縣市議員,新北市第3選舉區,吳奕萱,民主進步黨,https://wuyisyuan.oen.tw/,候選人官方網站,已確認,2026-10-01,網站頁首明列吳奕萱為新北市議員候選人，並設候選人捐款、文章與加入團隊功能。
新北市,縣市議員,新北市第3選舉區,陳岱吟,民主進步黨,,未找到,未確認,2026-10-01,未找到可驗證為本屆候選人或競選團隊營運的官網；第三方候選人資料不列為官網。
新北市,縣市議員,新北市第4選舉區,彭佳芸,民主進步黨,https://www.dppnt.org.tw/about/public-servant/,政黨官方公職名冊,已確認,2026-10-01,民進黨新北市黨部公職人員頁列彭佳芸為新北市第四選區議員並載服務處資訊。
新北市,縣市議員,新北市第4選舉區,李余典,民主進步黨,https://www.dppnt.org.tw/about/public-servant/,政黨官方公職名冊,已確認,2026-10-01,民進黨新北市黨部公職人員頁列李余典為新北市第四選區議員並載服務處資訊。
新北市,縣市議員,新北市第4選舉區,陳俊維,民主進步黨,,未找到,未確認,2026-10-01,未找到可驗證為本屆候選人或競選團隊營運的官網；第三方候選人資料不列為官網。
新北市,縣市議員,新北市第4選舉區,李倩萍,民主進步黨,https://www.dppnt.org.tw/about/public-servant/,政黨官方公職名冊,已確認,2026-10-01,民進黨新北市黨部公職人員頁列李倩萍為新北市第四選區議員並載服務處資訊。
新北市,縣市議員,新北市第4選舉區,顏蔚慈,民主進步黨,https://ritayen.oen.tw/,候選人官方網站,已確認,2026-10-01,網站由顏蔚慈以第一人稱說明參選新北市三重、蘆洲市議員，內容可驗證為候選人官方網站。
新北市,縣市議員,新北市第4選舉區,邱婷蔚,民主進步黨,https://www.dppnt.org.tw/about/public-servant/,政黨官方公職名冊,已確認,2026-10-01,民進黨新北市黨部公職人員頁列邱婷蔚為新北市第四選區議員並載服務處資訊。
新北市,縣市議員,新北市第5選舉區,李昆穎,民主進步黨,https://yingforfuture.oen.tw/,候選人官方網站,已確認,2026-10-01,網站頁首明列板橋議員候選人李昆穎，並以第一人稱說明參選與競選捐款資訊。
新北市,縣市議員,新北市第5選舉區,戴瑋姗,民主進步黨,https://www.dppnt.org.tw/about/public-servant/,政黨官方公職名冊,已確認,2026-10-01,民進黨新北市黨部公職人員頁列戴瑋姗為新北市第五選區議員並載服務處資訊。
新北市,縣市議員,新北市第5選舉區,黃淑君,民主進步黨,https://www.dppnt.org.tw/about/public-servant/,政黨官方公職名冊,已確認,2026-10-01,民進黨新北市黨部公職人員頁列黃淑君為新北市第五選區議員並載服務處資訊。
新北市,縣市議員,新北市第5選舉區,陳俊諺,民主進步黨,,未找到,未確認,2026-10-01,未找到可驗證為本屆候選人或競選團隊營運的官網；第三方候選人資料不列為官網。
新北市,縣市議員,新北市第5選舉區,山田摩衣,民主進步黨,https://www.dppnt.org.tw/about/public-servant/,政黨官方公職名冊,已確認,2026-10-01,民進黨新北市黨部公職人員頁列山田摩衣為新北市第五選區議員並載服務處資訊。
新北市,縣市議員,新北市第6選舉區,張維倩,民主進步黨,https://www.dppnt.org.tw/about/public-servant/,政黨官方公職名冊,已確認,2026-10-01,民進黨新北市黨部公職人員頁列張維倩為新北市第六選區議員並載服務處資訊。
新北市,縣市議員,新北市第6選舉區,張志豪,民主進步黨,https://zhihao582.oen.tw/,候選人官方網站,已確認,2026-10-01,網站頁首明列新北市議員候選人張志豪，並以第一人稱說明持續服務與競選資訊。
新北市,縣市議員,新北市第6選舉區,張嘉玲,民主進步黨,https://www.dppnt.org.tw/,政黨官方候選人新聞,已確認,2026-10-01,民進黨新北市黨部首頁刊列蘇巧慧、張嘉玲中和座談會，為候選人公開競選活動的官方紀錄。
新北市,縣市議員,新北市第7選舉區,羅文崇,民主進步黨,https://www.dppnt.org.tw/about/public-servant/,政黨官方公職名冊,已確認,2026-10-01,民進黨新北市黨部公職人員頁列羅文崇為新北市第七選區議員並載服務處資訊。
新北市,縣市議員,新北市第7選舉區,許昭興,民主進步黨,https://www.dppnt.org.tw/about/public-servant/,政黨官方公職名冊,已確認,2026-10-01,民進黨新北市黨部公職人員頁列許昭興為新北市第七選區議員並載服務處資訊。
新北市,縣市議員,新北市第8選舉區,高乃芸,民主進步黨,https://kaonaiyun.oen.tw/,候選人官方網站,已確認,2026-10-01,網站頁首明列高乃芸為新北市議員候選人，並載候選人聯合服務處資訊。
新北市,縣市議員,新北市第8選舉區,廖宜琨,民主進步黨,https://www.dppnt.org.tw/20260705news-2/,政黨官方候選人新聞,已確認,2026-10-01,民進黨新北市黨部 2026 年競選座談新聞明列新北市議員廖宜琨及其競選活動。
新北市,縣市議員,新北市第8選舉區,卓冠廷,民主進步黨,https://ktcho.oen.tw/,候選人官方網站,已確認,2026-10-01,網站明列新北市議員卓冠廷 2026 連任挑戰與捐款資訊，並載土城樹林三峽鶯歌選區服務處。
新北市,縣市議員,新北市第8選舉區,吳昇翰,民主進步黨,,未找到,未確認,2026-10-01,未找到可驗證為本屆候選人或競選團隊營運的官網；第三方候選人資料不列為官網。
新北市,縣市議員,新北市第8選舉區,彭一書,民主進步黨,https://www.dppnt.org.tw/20260704news/,政黨官方候選人新聞,已確認,2026-10-01,民進黨新北市黨部 2026 年新聞明列新北市議員彭一書座談會及其提出的複合式國際運動藝文中心。
新北市,縣市議員,新北市第9選舉區,陳乃瑜,民主進步黨,https://www.dppnt.org.tw/about/public-servant/,政黨官方公職名冊,已確認,2026-10-01,民進黨新北市黨部公職人員頁列陳乃瑜為新北市第九選區議員並載服務處資訊。
新北市,縣市議員,新北市第9選舉區,陳韋任,民主進步黨,,未找到,未確認,2026-10-01,未找到可驗證為本屆候選人或競選團隊營運的官網；商業黃頁與第三方候選人資料不列為官網。
新北市,縣市議員,新北市第10選舉區,林裔綺,民主進步黨,https://www.dppnt.org.tw/about/public-servant/,政黨官方公職名冊,已確認,2026-10-01,民進黨新北市黨部公職人員頁列林裔綺為新北市第十選區議員並載服務處資訊。
新北市,縣市議員,新北市第11選舉區,張錦豪,民主進步黨,https://www.dppnt.org.tw/about/public-servant/,政黨官方公職名冊,已確認,2026-10-01,民進黨新北市黨部公職人員頁列張錦豪為新北市第十一選區議員並載服務處資訊。
新北市,縣市議員,新北市第11選舉區,蔡美華,民主進步黨,,未找到,未確認,2026-10-01,未找到可驗證為本屆候選人或競選團隊營運的官網；第三方候選人資料不列為官網。
新北市,縣市議員,新北市第12選舉區,蘇錦雄Paylang‧Caya,民主進步黨,https://www.dpp.org.tw/upload/news/%E6%B0%91%282026%29%E7%B5%84%E5%AD%97%E7%AC%ACD04090012%E8%99%9F-%E5%85%AC%E5%91%8A2026%E5%8E%9F%E4%BD%8F%E6%B0%91%E7%9B%B4%E8%BD%84%E5%B8%82%E8%AD%B0%E5%93%A1%E6%8F%90%E5%90%8D%E5%90%8D%E5%96%AE.pdf,政黨官方提名公告,已確認,2026-10-01,民進黨中央黨部 2026 原住民直轄市議員提名公告列蘇錦雄Paylang‧Caya代表本黨參選新北市原住民議員。
新北市,縣市議員,新北市第13選舉區,布落‧馬信,民主進步黨,,未找到,未確認,2026-10-01,未找到可驗證為本屆候選人或競選團隊營運的官網；第三方候選人資料不列為官網。
桃園市,縣市議員,桃園市第1選舉區,李光達,民主進步黨,,未找到,未確認,2026-10-01,未找到可驗證為本屆候選人或競選團隊營運的官網；政府與第三方公職資料不列為官網。
桃園市,縣市議員,桃園市第1選舉區,余信憲,民主進步黨,,未找到,未確認,2026-10-01,未找到可驗證為本屆候選人或競選團隊營運的官網；政府與第三方公職資料不列為官網。
桃園市,縣市議員,桃園市第1選舉區,黃瓊慧,民主進步黨,https://qntaiwan.oen.tw/,候選人官方網站,已確認,2026-10-01,網站頁首明列桃園市議員參選人黃瓊慧，包含候選人捐款、政策分類與服務處資訊。
桃園市,縣市議員,桃園市第1選舉區,李柏瑟,民主進步黨,,未找到,未確認,2026-10-01,未找到可驗證為本屆候選人或競選團隊營運的官網；第三方候選人資料不列為官網。
桃園市,縣市議員,桃園市第1選舉區,黃家齊,民主進步黨,,未找到,未確認,2026-10-01,未找到可驗證為本屆候選人或競選團隊營運的官網；政府與第三方公職資料不列為官網。
桃園市,縣市議員,桃園市第2選舉區,陳雅倫,民主進步黨,,未找到,未確認,2026-10-01,未找到可驗證為本屆候選人或競選團隊營運的官網；第三方候選人資料不列為官網。
桃園市,縣市議員,桃園市第2選舉區,李宗豪,民主進步黨,https://tyleehao.com/about,候選人官方網站,已確認,2026-10-01,網站以第一人稱表明桃園市議員李宗豪身分與龜山服務資訊，可驗證為個人官方服務網站。
桃園市,縣市議員,桃園市第3選舉區,許家睿,民主進步黨,,未找到,未確認,2026-10-01,未找到可驗證為本屆候選人或競選團隊營運的官網；政府與第三方公職資料不列為官網。
桃園市,縣市議員,桃園市第3選舉區,蔡永芳,民主進步黨,,未找到,未確認,2026-10-01,未找到可驗證為本屆候選人或競選團隊營運的官網；政府與第三方公職資料不列為官網。
桃園市,縣市議員,桃園市第3選舉區,呂林小鳳,民主進步黨,,未找到,未確認,2026-10-01,未找到可驗證為本屆候選人或競選團隊營運的官網；政府與第三方公職資料不列為官網。
桃園市,縣市議員,桃園市第4選舉區,許清順,民主進步黨,,未找到,未確認,2026-10-01,未找到可驗證為本屆候選人或競選團隊營運的官網；政府與第三方公職資料不列為官網。
桃園市,縣市議員,桃園市第4選舉區,胡家智,民主進步黨,,未找到,未確認,2026-10-01,未找到可驗證為本屆候選人或競選團隊營運的官網；第三方候選人資料不列為官網。
桃園市,縣市議員,桃園市第5選舉區,游吾和,民主進步黨,,未找到,未確認,2026-10-01,未找到可驗證為本屆候選人或競選團隊營運的官網；政府與第三方公職資料不列為官網。
桃園市,縣市議員,桃園市第6選舉區,陳治文,民主進步黨,,未找到,未確認,2026-10-01,未找到可驗證為本屆候選人或競選團隊營運的官網；政府與第三方公職資料不列為官網。
桃園市,縣市議員,桃園市第7選舉區,張曉昀,民主進步黨,,未找到,未確認,2026-10-01,未找到可驗證為本屆候選人或競選團隊營運的官網；政府與第三方公職資料不列為官網。
桃園市,縣市議員,桃園市第7選舉區,黃崇真,民主進步黨,https://chungchen.tw/,候選人官方網站,已確認,2026-10-01,網站以候選人姓名及中壢服務處營運，持續刊載 2026 年服務紀錄，可驗證為個人官方服務網站。
桃園市,縣市議員,桃園市第7選舉區,彭俊豪,民主進步黨,,未找到,未確認,2026-10-01,未找到可驗證為本屆候選人或競選團隊營運的官網；政府與第三方公職資料不列為官網。
桃園市,縣市議員,桃園市第7選舉區,魏筠,民主進步黨,https://weiyunin.oen.tw/,候選人官方網站,已確認,2026-10-01,網站載明魏筠競選總部、候選人經歷與服務資訊，可驗證為候選人官方網站。
桃園市,縣市議員,桃園市第8選舉區,王珮毓,民主進步黨,https://wangpeiyu.oen.tw/,候選人官方網站,已確認,2026-10-01,網站以候選人姓名、捐款資訊及平鎮服務處營運，可驗證為個人官方服務網站。
桃園市,縣市議員,桃園市第8選舉區,劉仁照,民主進步黨,https://jenchaoliu.oen.tw/,候選人官方網站,已確認,2026-10-01,網站以第一人稱載明劉仁照及桃園市議員服務處，可驗證為個人官方服務網站。
桃園市,縣市議員,桃園市第9選舉區,項柏翰,民主進步黨,https://newtalk.tw/news/view/2026-02-25/1021427,新聞報導,已確認,2026-10-01,未找到可驗證官網；新聞明列其為民進黨桃園市楊梅區市議員參選人，報導健康運動政見，未見具體文化政見。
桃園市,縣市議員,桃園市第9選舉區,鄭淑方,民主進步黨,https://www.taoyuanstory.tw/article/20251060003,新聞報導,已確認,2026-10-01,未找到可驗證官網；2025 年專訪記載其對楊梅多功能藝文場館的想法，非本屆明確競選承諾，暫不上架為 2026 政見。
桃園市,縣市議員,桃園市第10選舉區,張贊聞,民主進步黨,https://www.cna.com.tw/news/aloc/202602060141.aspx,新聞報導,已確認,2026-10-01,未找到可驗證官網；中央社報導其以民進黨新人身分登記桃園市第10選區初選，後續提名與候選人身分已由中選會名冊核對。
桃園市,縣市議員,桃園市第11選舉區,陳睿生,民主進步黨,https://www.dpp.org.tw/content_print/media/10901,政黨官方公職頁,已確認,2026-10-01,民進黨官方選舉結果明列陳睿生為桃園市議員；未找到可驗證個人競選網站或具體文化政見。
桃園市,縣市議員,桃園市第12選舉區,張佩芸,民主進步黨,,未找到,未確認,2026-10-01,未找到可驗證為本屆候選人或競選團隊營運的官網，亦未找到可核驗候選人身分的新聞來源。
桃園市,縣市議員,桃園市第13選舉區,林志強,民主進步黨,https://www.dpp.org.tw/upload/news/%E6%B0%91%282026%29%E7%B5%84%E5%AD%97%E7%AC%ACD04090012%E8%99%9F-%E5%85%AC%E5%91%8A2026%E5%8E%9F%E4%BD%8F%E6%B0%91%E7%9B%B4%E8%BD%84%E5%B8%82%E8%AD%B0%E5%93%A1%E6%8F%90%E5%90%8D%E5%90%8D%E5%96%AE.pdf,政黨官方提名公告,已確認,2026-10-01,民進黨 2026 年原住民直轄市議員提名公告明列桃園市第13選區林志強；未找到可驗證個人競選網站。既有文化會館推動紀錄非本屆具體新政見。
桃園市,縣市議員,桃園市第14選舉區,謝卓儒,民主進步黨,,未找到,未確認,2026-10-01,未找到可驗證為本屆候選人或競選團隊營運的官網，亦未找到可核驗候選人身分的新聞來源。
臺中市,縣市議員,臺中市第1選舉區,吳中源,民主進步黨,https://www.cna.com.tw/news/aipl/202608310144.aspx,新聞報導,已確認,2026-10-01,未找到可驗證個人競選網站；中央社報導其於 2026 年 8 月 31 日完成市議員登記，未見具體文化政見。
臺中市,縣市議員,臺中市第1選舉區,施志昌,民主進步黨,https://www.tccc.gov.tw/wb_introduction02.asp?cno=3,政府官方公職頁,已確認,2026-10-01,臺中市議會官方頁列其為第一選區議員並刊載服務資訊與政見；另有 2026 年新聞記載其提出大甲53庄文化館主張。
臺中市,縣市議員,臺中市第2選舉區,王立任,民主進步黨,https://wanglijen.oen.tw/,候選人官方網站,已確認,2026-10-01,網站載明臺中市議員王立任、選區與服務內容，可驗證為個人官方網站。
臺中市,縣市議員,臺中市第2選舉區,楊典忠,民主進步黨,https://www.tccc.gov.tw/wb_introduction02.asp?cno=6,政府官方公職頁,已確認,2026-10-01,臺中市議會官方頁列其為第二選區議員並刊載服務資訊與政見；未找到可驗證個人競選網站。
臺中市,縣市議員,臺中市第2選舉區,陳怡潔,民主進步黨,,未找到,未確認,2026-10-01,未找到可驗證為本屆候選人或競選團隊營運的官網，亦未找到可核驗候選人身分的新聞來源。
臺中市,縣市議員,臺中市第3選舉區,曾威,民主進步黨,https://www.tccc.gov.tw/wb_introduction01.asp,政府官方公職總覽,已確認,2026-10-01,臺中市議會官方議員一覽表列其為第三選區議員；未找到可驗證個人競選網站或具體文化政見。
臺中市,縣市議員,臺中市第3選舉區,張家銨,民主進步黨,https://www.tccc.gov.tw/wb_introduction01.asp,政府官方公職總覽,已確認,2026-10-01,臺中市議會官方議員一覽表列其為第三選區議員；未找到可驗證個人競選網站或具體文化政見。
臺中市,縣市議員,臺中市第4選舉區,蔡怡萱,民主進步黨,https://www.cna.com.tw/news/aipl/202608310144.aspx,新聞報導,已確認,2026-10-01,未找到可驗證個人競選網站；中央社報導其於 2026 年 8 月 31 日完成市議員登記，未見具體文化政見。
臺中市,縣市議員,臺中市第4選舉區,謝志忠,民主進步黨,https://www.tccc.gov.tw/wb_introduction02.asp?cno=16&uno=&zno=98,政府官方公職頁,已確認,2026-10-01,臺中市議會官方頁列其為第四選區議員並刊載服務資訊與政見；既有文化廊道構想未能確認為本屆新承諾，暫不上架。
臺中市,縣市議員,臺中市第5選舉區,蕭隆澤,民主進步黨,https://www.tccc.gov.tw/wb_introduction02.asp?cno=23&uno=,政府官方公職頁,已確認,2026-10-01,臺中市議會官方頁列其為第五選區議員並刊載服務資訊與政見；未找到可驗證個人競選網站或具體文化政見。
臺中市,縣市議員,臺中市第5選舉區,陳映辰,民主進步黨,,未找到,未確認,2026-10-01,未找到可驗證為本屆候選人或競選團隊營運的官網，亦未找到可核驗候選人身分的新聞來源。
臺中市,縣市議員,臺中市第5選舉區,周永鴻,民主進步黨,https://chouyunghong.oen.tw/,候選人官方網站,已確認,2026-10-01,網站以第一人稱載明周永鴻為潭子、大雅、神岡市議員並提供服務資訊，可驗證為個人官方網站。
臺中市,縣市議員,臺中市第6選舉區,陳淑華,民主進步黨,https://www.tccc.gov.tw/wb_introduction02.asp?cno=28&uno=,政府官方公職頁,已確認,2026-10-01,臺中市議會官方頁列其為第六選區議員並刊載服務資訊與政見；未找到可驗證個人競選網站或具體文化政見。
臺中市,縣市議員,臺中市第6選舉區,林祈烽,民主進步黨,https://chifeng.oen.tw/,候選人官方網站,已確認,2026-10-01,網站載明臺中市議員林祈烽服務處，可驗證為個人官方服務網站。
臺中市,縣市議員,臺中市第7選舉區,張耀中,民主進步黨,https://www.tccc.gov.tw/wb_introduction01.asp,政府官方公職總覽,已確認,2026-10-01,臺中市議會官方議員一覽表列其為第七選區議員；未找到可驗證個人競選網站或具體文化政見。
臺中市,縣市議員,臺中市第7選舉區,何文海,民主進步黨,https://www.moi.gov.tw/LocalOfficial_Content.aspx%3Fn%3D573%26_PARENT_ID%3DER11112BA00024%26_TYP%3DREP%26TYP%3DKND0001,政府官方公職頁,已確認,2026-10-01,內政部現任直轄市議員資料列其為臺中市議員及民主進步黨籍；未找到可驗證個人競選網站或具體文化政見。
臺中市,縣市議員,臺中市第8選舉區,謝家宜,民主進步黨,,未找到,未確認,2026-10-01,未找到可驗證為本屆候選人或競選團隊營運的官網；舊屆選舉資料不列為本屆候選人新聞。
臺中市,縣市議員,臺中市第8選舉區,曾咨耀,民主進步黨,,未找到,未確認,2026-10-01,未找到可驗證為本屆候選人或競選團隊營運的官網，亦未找到可核驗候選人身分的新聞來源。
臺中市,縣市議員,臺中市第8選舉區,陳信秀,民主進步黨,,未找到,未確認,2026-10-01,未找到可驗證為本屆候選人或競選團隊營運的官網；第三方候選人資料不列為官網。
臺中市,縣市議員,臺中市第9選舉區,簡嘉佑,民主進步黨,,未找到,未確認,2026-10-01,未找到可驗證為本屆候選人或競選團隊營運的官網，亦未找到可核驗候選人身分的新聞來源。
臺中市,縣市議員,臺中市第9選舉區,陳俞融,民主進步黨,https://www.tccc.gov.tw/wb_introduction02.asp?cno=75,政府官方公職頁,已確認,2026-10-01,臺中市議會官方頁列其為第九選區議員並刊載服務資訊與政見；未找到可驗證個人競選網站或具體文化政見。
臺中市,縣市議員,臺中市第10選舉區,黃守達,民主進步黨,https://taichungedada.oen.tw/,候選人官方網站,已確認,2026-10-01,網站載明台中市議員黃守達服務處及捐款資訊，可驗證為個人官方網站；既有文化資產方案未能確認為本屆新承諾，暫不上架。
臺中市,縣市議員,臺中市第10選舉區,江肇國,民主進步黨,https://taichung-oppa.oen.tw/,候選人官方網站,已確認,2026-10-01,網站以第一人稱載明江肇國及其地方服務經歷，可驗證為個人官方網站；頁面主要為 2024 立委參選內容，未列為本屆文化政見。
