"candidate_id","city","candidate","party","source_kind","role_at_source","content_nature","design_action","source_title","source_url","roster_match","current_district","incumbency_inference"
"candidate-phh-councilor-hsu-kuo-cheng-cultural-market-001","澎湖縣","許國政","中國國民黨","議會個人頁","推定現任議員","現任議員個人頁內容（非自動視為本屆政見）","標示推定現任議員且保留內容性質待前台分類","澎湖縣議會：許國政議員政見","https://www.phcouncil.gov.tw/mop2.php?no=M24080011","是","澎湖縣第1選舉區","推定現任議員（中選會名冊＋議會個人頁）"
"candidate-kmn-councilor-chou-tzu-chieh-cultural-exchange-001","金門縣","周子傑","中國國民黨","議會個人頁","推定現任議員","現任議員個人頁內容（非自動視為本屆政見）","標示推定現任議員且保留內容性質待前台分類","金門縣議會：周子傑議員政見","https://www.kmcc.gov.tw/8844/54357/55476/55516/","是","金門縣第2選舉區","推定現任議員（中選會名冊＋議會個人頁）"
"candidate-lgn-councilor-tsao-cheng-chun-arts-island-001","連江縣","曹丞君","中國國民黨","議會個人頁","推定現任議員","現任議員個人頁內容（非自動視為本屆政見）","標示推定現任議員且保留內容性質待前台分類","連江縣議會：曹丞君議員政見","https://www.mtcc.gov.tw/ch/counciler_intro/7190?clid=8","是","連江縣第1選舉區","推定現任議員（中選會名冊＋議會個人頁）"
"candidate-lgn-councilor-chen-yu-fa-mother-tongue-001","連江縣","陳玉發","中國國民黨","議會個人頁","推定現任議員","現任議員個人頁內容（非自動視為本屆政見）","標示推定現任議員且保留內容性質待前台分類","連江縣議會：陳玉發關注閩東語生活化傳承","https://www.mtcc.gov.tw/ch/Detail/7168?mcid=109198&webaid=","是","連江縣第2選舉區","推定現任議員（中選會名冊＋議會個人頁）"
"candidate-lgn-councilor-chen-yi-pin-performing-arts-001","連江縣","陳貽斌","中國國民黨","議會個人頁","推定現任議員","現任議員個人頁內容（非自動視為本屆政見）","標示推定現任議員且保留內容性質待前台分類","連江縣議會：陳貽斌關注梅石藝文中心與神像保存","https://www.mtcc.gov.tw/ch/Detail/7168?mcid=111810&webaid=","是","連江縣第3選舉區","推定現任議員（中選會名冊＋議會個人頁）"
"candidate-hsz-councilor-chang-tsu-yen-cultural-education-001","新竹市","張祖琰","中國國民黨","議會個人頁","推定現任議員","現任議員個人頁內容（非自動視為本屆政見）","標示推定現任議員且保留內容性質待前台分類","新竹市議會：張祖琰議員政見與原住民族傳統藝術教育提案","https://www.hsinchu-cc.gov.tw/tc/councilor.aspx?c=11&mid=39","是","新竹市第1選舉區","推定現任議員（中選會名冊＋議會個人頁）"
"candidate-hsz-councilor-hsu-mei-hui-historic-creative-market-001","新竹市","徐美惠","中國國民黨","議會個人頁","推定現任議員","現任議員個人頁內容（非自動視為本屆政見）","標示推定現任議員且保留內容性質待前台分類","新竹市議會：徐美惠議員政見","https://www.hsinchu-cc.gov.tw/tc/councilor.aspx?c=18&mid=39","是","新竹市第2選舉區","推定現任議員（中選會名冊＋議會個人頁）"
"candidate-hsz-councilor-hsu-hsiu-jui-cultural-heritage-001","新竹市","許修睿","中國國民黨","議會個人頁","推定現任議員","現任議員個人頁內容（非自動視為本屆政見）","標示推定現任議員且保留內容性質待前台分類","新竹市議會：許修睿議員政見","https://www.hsinchu-cc.gov.tw/tc/councilor.aspx?c=3&mid=39","是","新竹市第2選舉區","推定現任議員（中選會名冊＋議會個人頁）"
"candidate-hsz-councilor-huang-mei-hui-hakka-culture-001","新竹市","黃美慧","中國國民黨","議會個人頁","推定現任議員","現任議員個人頁內容（非自動視為本屆政見）","標示推定現任議員且保留內容性質待前台分類","新竹市議會：黃美慧議員政見與客家事務質詢","https://www.hsinchu-cc.gov.tw/tc/councilor.aspx?c=25","是","新竹市第4選舉區","推定現任議員（中選會名冊＋議會個人頁）"
"candidate-hsz-councilor-lin-tzu-ai-indigenous-culture-001","新竹市","林慈愛","中國國民黨","議會個人頁","推定現任議員","現任議員個人頁內容（非自動視為本屆政見）","標示推定現任議員且保留內容性質待前台分類","新竹市議會：林慈愛原住民族文化提案","https://www.hsinchu-cc.gov.tw/tc/councilor.aspx?c=36&mid=39","是","新竹市第6選舉區","推定現任議員（中選會名冊＋議會個人頁）"
"candidate-tnn-councilor-chen-chiu-ping-local-culture-001","臺南市","陳秋萍","民主進步黨","議會個人頁","推定現任議員","現任議員個人頁內容（非自動視為本屆政見）","標示推定現任議員且保留內容性質待前台分類","臺南市議會：陳秋萍","https://www.tncc.gov.tw/councilorpage.asp?mainid=D0001474-2C67-47CE-9D7F-98065BE41CE3","是","臺南市第7選舉區","推定現任議員（中選會名冊＋議會個人頁）"
"candidate-tnn-councilor-tsai-yu-hui-library-001","臺南市","蔡育輝","中國國民黨","議會個人頁","推定現任議員","現任議員個人頁內容（非自動視為本屆政見）","標示推定現任議員且保留內容性質待前台分類","蔡育輝｜臺南市議會議員資訊","https://www.tncc.gov.tw/councilorpage.asp?mainid=63ECF425-FD64-4636-A3D3-05B420A3924D","是","臺南市第1選舉區","推定現任議員（中選會名冊＋議會個人頁）"
"candidate-tnn-councilor-fang-i-feng-culture-001","臺南市","方一峰","中國國民黨","議會個人頁","推定現任議員","現任議員個人頁內容（非自動視為本屆政見）","標示推定現任議員且保留內容性質待前台分類","方一峰｜臺南市議會議員資訊","https://www.tncc.gov.tw/councilorpage.asp?mainid=5ABA0B90-9FD2-4B3E-BA48-FA776C993C02","是","臺南市第2選舉區","推定現任議員（中選會名冊＋議會個人頁）"
"candidate-tcc-councilor-huang-chia-tien-dome-001","臺中市","黃佳恬","中國國民黨","議會個人頁","推定現任議員","現任議員個人頁內容（非自動視為本屆政見）","標示推定現任議員且保留內容性質待前台分類","黃佳恬｜臺中市議會議員資訊","https://www.tccc.gov.tw/wb_introduction02.asp?cno=78&uno=&zno=106","是","臺中市第12選舉區","推定現任議員（中選會名冊＋議會個人頁）"
"candidate-tcc-councilor-ku-hsiu-ying-culture-001","臺中市","古秀英","中國國民黨","議會個人頁","推定現任議員","現任議員個人頁內容（非自動視為本屆政見）","標示推定現任議員且保留內容性質待前台分類","古秀英｜臺中市議會議員資訊","https://www.tccc.gov.tw/wb_introduction02.asp?cno=82&uno=","是","臺中市第16選舉區","推定現任議員（中選會名冊＋議會個人頁）"
"candidate-tcc-councilor-chu-yuan-hung-indigenous-culture-001","臺中市","朱元宏","中國國民黨","議會個人頁","推定現任議員","現任議員個人頁內容（非自動視為本屆政見）","標示推定現任議員且保留內容性質待前台分類","朱元宏｜臺中市議會議員資訊","https://www.tccc.gov.tw/wb_introduction02.asp?cno=65&uno=","是","臺中市第17選舉區","推定現任議員（中選會名冊＋議會個人頁）"
"candidate-khh-councilor-zhong-yi-zhong-culture-001","高雄市","鍾易仲","中國國民黨","議會個人頁","推定現任議員","現任議員個人頁內容（非自動視為本屆政見）","標示推定現任議員且保留內容性質待前台分類","鍾易仲｜高雄市議會議員資訊","https://www.kcc.gov.tw/MemberInfo_New.aspx?msn=2212&n=39&sms=9028","是","高雄市第9選舉區","推定現任議員（中選會名冊＋議會個人頁）"
"candidate-khh-councilor-chiu-yu-hsuan-marine-culture-001","高雄市","邱于軒","中國國民黨","議會個人頁","推定現任議員","現任議員個人頁內容（非自動視為本屆政見）","標示推定現任議員且保留內容性質待前台分類","邱于軒｜高雄市議會議員資訊","https://www.kcc.gov.tw/MemberInfo_New.aspx?msn=2227&n=39&sms=9028","是","高雄市第11選舉區","推定現任議員（中選會名冊＋議會個人頁）"
"candidate-khh-councilor-wang-yi-hsiung-indigenous-culture-001","高雄市","王義雄","中國國民黨","議會個人頁","推定現任議員","現任議員個人頁內容（非自動視為本屆政見）","標示推定現任議員且保留內容性質待前台分類","王義雄｜高雄市議會議員資訊","https://www.kcc.gov.tw/MemberInfo_New.aspx?msn=2230&n=76&sms=0","是","高雄市第12選舉區","推定現任議員（中選會名冊＋議會個人頁）"
"candidate-hcc-councilor-chen-bai-cheng-old-street-001","新竹縣","陳栢誠","中國國民黨","議會個人頁","推定現任議員","現任議員個人頁內容（非自動視為本屆政見）","標示推定現任議員且保留內容性質待前台分類","陳栢誠｜新竹縣議會議員資訊","https://www.hcc.gov.tw/member-detail?C=376&S=22&program=190","是","新竹縣第3選舉區","推定現任議員（中選會名冊＋議會個人頁）"
"candidate-chw-councilor-bai-yu-ru-music-city-001","彰化縣","白玉如","中國國民黨","議會個人頁","推定現任議員","現任議員個人頁內容（非自動視為本屆政見）","標示推定現任議員且保留內容性質待前台分類","白玉如｜彰化縣議會議員資訊","https://www.chcc.gov.tw/member/Details2.aspx?Parser=99%2C6%2C40%2C%2C%2C%2C121%2C1%2C%2C%2C%2C%2C%2C%2C3525","是","彰化縣第1選舉區","推定現任議員（中選會名冊＋議會個人頁）"
"candidate-cyc-councilor-chien-chia-yi-arts-001","嘉義縣","簡嘉億","中國國民黨","議會個人頁","推定現任議員","現任議員個人頁內容（非自動視為本屆政見）","標示推定現任議員且保留內容性質待前台分類","簡嘉億｜嘉義縣議會議員資訊","https://www.cyscc.gov.tw/Parliamentary_Content/315/14195/","是","嘉義縣第2選舉區","推定現任議員（中選會名冊＋議會個人頁）"
"candidate-hsz-councilor-chung-shu-ying-arts-information-001","新竹市","鍾淑英","中國國民黨","議會提案或新聞頁","待人工確認","議會共同提案內容（非個人頁）","暫不套用現任議員個人頁標示","新竹市議會：鍾淑英共同提案改善藝文活動宣傳","https://www.hsinchu-cc.gov.tw/upload/79/2026042310011641337%E6%96%B0%E7%AB%B9%E5%B8%82%E8%AD%B0%E6%9C%83-%E7%AC%AC11%E5%B1%86%E7%AC%AC18%E6%AC%A1%E8%87%A8%E6%99%82%E6%9C%83.pdf","未以此規則判定","","不推定；來源不是議會個人頁"
"candidate-hsz-councilor-wu-hsu-feng-arts-information-001","新竹市","吳旭豐","中國國民黨","議會提案或新聞頁","待人工確認","議會共同提案內容（非個人頁）","暫不套用現任議員個人頁標示","新竹市議會：吳旭豐共同提案改善藝文活動宣傳","https://www.hsinchu-cc.gov.tw/upload/79/2026042310011641337%E6%96%B0%E7%AB%B9%E5%B8%82%E8%AD%B0%E6%9C%83-%E7%AC%AC11%E5%B1%86%E7%AC%AC18%E6%AC%A1%E8%87%A8%E6%99%82%E6%9C%83.pdf","未以此規則判定","","不推定；來源不是議會個人頁"
"candidate-hsz-councilor-chen-ching-ling-arts-information-001","新竹市","陳慶齡","中國國民黨","議會提案或新聞頁","待人工確認","議會共同提案內容（非個人頁）","暫不套用現任議員個人頁標示","新竹市議會：陳慶齡共同提案改善藝文活動宣傳","https://www.hsinchu-cc.gov.tw/upload/79/2026042310011641337%E6%96%B0%E7%AB%B9%E5%B8%82%E8%AD%B0%E6%9C%83-%E7%AC%AC11%E5%B1%86%E7%AC%AC18%E6%AC%A1%E8%87%A8%E6%99%82%E6%9C%83.pdf","未以此規則判定","","不推定；來源不是議會個人頁"
"candidate-hln-councilor-lin-zheng-fu-matai-lin-culture-001","花蓮縣","林正福","中國國民黨","議會提案或新聞頁","待人工確認","議會議政報導內容（非個人頁）","暫不套用現任議員個人頁標示","花蓮縣議政報導：林正福盼望馬太林文化園區帶動產業","https://www.hlcc.gov.tw/upfile/20241210142719-189.PDF","未以此規則判定","","不推定；來源不是議會個人頁"
"candidate-tnn-councilor-yu-chu-ching-damujian-001","臺南市","余柷青","民主進步黨","議會提案或新聞頁","待人工確認","議會新聞頁內容（非個人頁）","暫不套用現任議員個人頁標示","重新點亮新化，擦亮新化文化大門！推動大目降文化園區全面盤點改善","https://www.tncc.gov.tw/page.asp?mainid=C9969289-4B16-4C32-8BE4-F7EA25C6BACC","未以此規則判定","","不推定；來源不是議會個人頁"
"candidate-tnn-councilor-ou-cheng-hao-cultural-center-001","臺南市","歐政豪","中國國民黨","議會提案或新聞頁","待人工確認","議會新聞頁內容（非個人頁）","暫不套用現任議員個人頁標示","歐政豪青年軍成立：關注文化中心改造升級","https://www.tncc.gov.tw/page.asp?mainid=%7B34FAAE5C-E6EC-4541-8A71-0F9B9DD60C48%7D","未以此規則判定","","不推定；來源不是議會個人頁"
