source_csv,research_id,published_candidate_id,review_status,completed_at,notes
mayor-cultural-policy-leads.csv,research-mayor-miaoli-chung-tung-chin-white-paper-20261002,,已審核暫不發布,2026-10-02,中選會名冊與縣政願景白皮書已核對；文化教育與永續觀光僅為總綱，未找到可驗證的具體文化方案。
mayor-cultural-policy-leads.csv,research-mayor-miaoli-chen-pin-an-hakka-culture-20261002,candidate-miaoli-mayor-chen-pin-an-hakka-culture-001,已審核並上架,2026-10-02,中選會名冊與民進黨官方新聞稿已核對；文化行動承諾未載預算期程，已於公開條目註明。
mayor-cultural-policy-leads.csv,research-mayor-pingtung-su-ching-chuan-ritual-center-20261002,candidate-pingtung-mayor-su-ching-chuan-ritual-center-001,已審核並上架,2026-10-02,中選會名冊與新聞報導已核對；具名承諾當選後推動生活祭儀中心。
mayor-cultural-policy-leads.csv,research-mayor-pingtung-chou-chun-mi-cultural-corridor-20261002,candidate-pingtung-mayor-chou-chun-mi-cultural-corridor-001,已審核並上架,2026-10-02,中選會名冊與中央社政策說明會報導已核對。
mayor-official-site-updates.csv,research-update-tpe-shen-boyang-culture-trails-20261001,candidate-tpe-mayor-shen-boyang-cultural-trails-002,已審核並上架,2026-10-01,中選會名冊與候選人官方網站已核對。
mayor-official-site-updates.csv,research-update-ntpc-su-chiao-hui-indigenous-20261001,candidate-ntpc-mayor-su-chiao-hui-indigenous-002,已審核並上架,2026-10-01,中選會名冊與候選人官方網站已核對；官方頁無發布日期，依本次人工核定日期登錄。
mayor-cultural-policy-leads.csv,research-mayor-hsinchu-gao-hong-an-20261001,candidate-hsinchu-mayor-gao-hong-an-culture-001,已審核並上架,2026-10-01,中選會名冊與來源已核對。
mayor-cultural-policy-leads.csv,research-mayor-kinmen-chen-yu-zhen-20261001,candidate-kinmen-mayor-chen-yu-zhen-film-001,已審核並上架,2026-10-01,中選會名冊與來源已核對。
mayor-cultural-policy-leads.csv,research-mayor-taoyuan-huang-shih-chieh-20261001,candidate-taoyuan-mayor-huang-shih-chieh-culture-001,已審核並上架,2026-10-01,中選會名冊與來源已核對。
mayor-cultural-policy-leads.csv,research-mayor-chiayi-zhang-chi-kai-20261001,candidate-chiayi-mayor-zhang-chi-kai-culture-commerce-001,已審核並上架,2026-10-01,中選會名冊與來源已核對。
mayor-cultural-policy-leads.csv,research-mayor-yilan-wu-tsung-hsien-20261001,candidate-yilan-mayor-wu-tsung-hsien-indigenous-001,已審核並上架,2026-10-01,中選會名冊與來源已核對。
mayor-cultural-policy-leads.csv,research-mayor-yilan-lin-kuo-chang-20261001,candidate-yilan-mayor-lin-kuo-chang-indigenous-001,已審核並上架,2026-10-01,中選會名冊與來源已核對。
mayor-cultural-policy-leads.csv,research-mayor-nantou-wen-shih-cheng-20261001,candidate-nantou-mayor-wen-shih-cheng-reading-001,已審核並上架,2026-10-01,中選會名冊與來源已核對。
