id,city,office,candidate,party,topics,summary,policy_argument,concrete_proposals,related_statements,published_date,source_title,source_url,source_type,last_verified,correction_log,related_sources,policy_argument_sources,concrete_proposal_sources,related_statement_sources,roster_match,review_status,verification_notes
research-mayor-miaoli-chen-pin-an-hakka-culture-20261002,苗栗縣,縣市長,陳品安,民主進步黨,客家文化|地方文化|文化傳承|文化參與,陳品安表示將持續推動貼近生活與扎根地方的文化行動，讓客庄文化融入現代生活。,以日常參與及地方扎根推動客庄文化傳承。,持續推動文化行動。||透過手作和生活體驗傳承客庄文化。||讓客庄文化融入現代生活。,來源未載預算期程或執行機制。,2026-06-07,客庄午後香包製造所登場,https://www.dpp.org.tw/content_print/media/11615,候選人原文,2026-10-02,2026-10-02｜已依中選會登記名冊核對候選人身分；來源為民進黨官方新聞稿。,,客庄午後香包製造所登場::https://www.dpp.org.tw/content_print/media/11615,客庄午後香包製造所登場::https://www.dpp.org.tw/content_print/media/11615,,苗栗縣|縣市長|陳品安,已審核並上架,候選人身分與中選會名冊相符；具名文化承諾但尚無預算期程。
research-mayor-pingtung-su-ching-chuan-ritual-center-20261002,屏東縣,縣市長,蘇清泉,中國國民黨,原住民族文化|文化場館|祭儀文化|文化產業,蘇清泉承諾當選後推動獅子鄉生活祭儀中心，供部落祭儀與文化活動使用。,以祭儀中心支持原鄉文化傳承與部落長期發展。,推動興建獅子鄉生活祭儀中心。||作為祭儀與文化活動空間。||兼顧農特產品通路發展。,,2026-08-23,獅子鄉小米收穫祭熱鬧登場,https://news.m.pchome.com.tw/living/newstaiwandigi/20260823/index-78745508175417279009.html,新聞報導,2026-10-02,2026-10-02｜已依中選會登記名冊核對候選人身分；報導具名記載當選後立即推動工程的承諾。地方提出預算約1200萬元，非候選人承諾預算。,,獅子鄉小米收穫祭熱鬧登場::https://news.m.pchome.com.tw/living/newstaiwandigi/20260823/index-78745508175417279009.html,獅子鄉小米收穫祭熱鬧登場::https://news.m.pchome.com.tw/living/newstaiwandigi/20260823/index-78745508175417279009.html,,屏東縣|縣市長|蘇清泉,已審核並上架,候選人身分與中選會名冊相符；具名文化建設承諾可核對。
research-mayor-pingtung-chou-chun-mi-cultural-corridor-20261002,屏東縣,縣市長,周春米,民主進步黨,文化場館|表演藝術|文化觀光|文化資產,周春米提出三大文化建設與文化觀光廊帶規劃。,以文化設施串聯城鄉文化服務與觀光。,打造屏東縣立美術館。||打造東港王船文化館。||打造恆春文化中心。||形成文化觀光廊帶。,,2026-06-13,民進黨台灣好生活宣講 高科技農漁交通屏東齊發,https://www.cna.com.tw/news/aloc/202606130167.aspx,新聞報導,2026-10-02,2026-10-02｜已依中選會登記名冊核對候選人身分；中央社具名記載政策說明會提出的文化建設規劃。,,民進黨台灣好生活宣講 高科技農漁交通屏東齊發::https://www.cna.com.tw/news/aloc/202606130167.aspx,民進黨台灣好生活宣講 高科技農漁交通屏東齊發::https://www.cna.com.tw/news/aloc/202606130167.aspx,,屏東縣|縣市長|周春米,已審核並上架,候選人身分與中選會名冊相符；具名文化建設規劃可核對。
research-mayor-hsinchu-gao-hong-an-20261001,新竹市,縣市長,高虹安,無,客家文化|客語傳承|文化場館|社區營造,高虹安表示將透過語言扎根、文化推廣、館舍經營與跨域合作打造客語友善環境，並規劃客家會館主題展覽、兩款實境解謎遊戲及9場客庄小旅行。,以客語在校園、家庭、社區及公共場域的自然使用為方向，讓客家文化融入市民日常生活。,持續辦理客語繪本出版、認證輔導班、親子共學與說故事活動。||推動客語社區營造補助。||於客家會館辦理工藝展覽、講座與親子體驗。||推出兩款客家會館主題實境解謎遊戲及9場客庄小旅行。,此為現任市長在市府客家事務委員會會議所述的持續施政方向；納入前須由人工確認是否作為本次競選承諾。,2026-07-13,深化文化傳承與創新！高虹安市長主持會議 擘劃客家發展新藍圖,https://www.cna.com.tw/postwrite/chi/438831,政府新聞稿（候選人發言）,2026-10-01,2026-10-01｜已依中選會登記名冊核對為新竹市縣市長候選人；來源為市府發布於中央社訊息平台的會議新聞稿，需確認競選承諾性。,,,,,新竹市|縣市長|高虹安,待人工覆核,候選人身分與名冊相符；來源可核對高虹安發言，但非競選團隊正式政見頁。
research-mayor-kinmen-chen-yu-zhen-20261001,金門縣,縣市長,陳玉珍,中國國民黨,影視文化|文化交流|文化場館|文化觀光,陳玉珍針對金門影城歇業表示金門不能沒有電影院，主張選後以政府資源協助維持影城服務，並研議增加兩岸優質電影在金門放映的機會，將區位優勢轉為文化交流與觀光發展契機。,將影城視為地方文化服務與文化交流的一環，透過公共協助改善其經營條件。,選後與影城業者協調並研議政府資源協助。||研議以適當機制增加兩岸優質電影在金門放映的機會。||活化台開園區既有空間及地理區位。,她說明電影放映仍受兩岸配額與法令限制；相關措施須確認地方政府權限與具體財源。,2026-09-16,陳玉珍租車宣傳 拋台開活化與電影放映政見,https://www.kmdn.gov.tw/1117/1271/1272/590202/,新聞報導,2026-10-01,2026-10-01｜已依中選會登記名冊核對為金門縣縣市長候選人；來源逐段載明候選人受訪說法，待人工判斷「研議」內容是否達可收錄的承諾門檻。,,,,,金門縣|縣市長|陳玉珍,待人工覆核,候選人身分與名冊相符；新聞報導有具名候選人說法及發布日期。
research-mayor-taoyuan-huang-shih-chieh-20261001,桃園市,縣市長,黃世杰,民主進步黨,多元文化|表演藝術|文化產業,黃世杰提出培養教育AI素養與行政支持、促進族群文化多元發展，並以演唱會經濟吸引優質表演團隊至桃園。,在城市發展與青年、產業政策中納入多元族群文化及表演團隊發展。,規劃族群文化多元發展項目。||推動演唱會經濟，吸引優質表演團隊選擇桃園。,報導未揭露族群文化項目的預算、期程或執行機制；上架前宜再尋找候選人官方細節補強。,2026-09-23,民進黨行動中常會桃園舉行　黃世杰專題報告政策願景,https://www.cna.com.tw/news/aipl/202609230177.aspx,新聞報導,2026-10-01,2026-10-01｜已依中選會登記名冊核對為桃園市縣市長候選人；候選人於民進黨行動中常會專題報告政策願景，文化措施具方向但細節有限。,,,,,桃園市|縣市長|黃世杰,待人工覆核,候選人身分與名冊相符；建議以候選人官網或後續正式文化政見補足可衡量措施。
research-mayor-chiayi-zhang-chi-kai-20261001,嘉義市,縣市長,張啓楷,台灣民眾黨,文化商圈|地方文化|城市再生,張啓楷提出嘉義市商圈「2＋4」布局：在既有兩大商圈外串聯四個新興區域，形成六大商圈整體發展，回應文化商圈與諸羅街區發展趨緩問題。,以商圈活化帶動地方消費與城市活力，並將文化商圈、諸羅街區納入政策脈絡。,推動「2＋4商圈」構想，串聯既有兩大商圈與四個新興區域為六大商圈發展格局。,來源屬媒體對候選人既有政見的整理；政策以商圈活化為主，是否歸入文化治理範圍須人工確認。,2026-04-07,2026嘉義市長選舉現首例「藍白合」張啓楷6大政策牛肉戰王美惠,https://city.gvm.com.tw/article/129222,新聞報導,2026-10-01,2026-10-01｜已依中選會登記名冊核對為嘉義市縣市長候選人；媒體引述候選人政策，仍應優先補候選人官方原文。,,,,,嘉義市|縣市長|張啓楷,待人工覆核,候選人身分與名冊相符；文化元素為文化商圈與諸羅街區，非專門文化部門政見。
research-mayor-yilan-wu-tsung-hsien-20261001,宜蘭縣,縣市長,吳宗憲,中國國民黨,原住民族文化|文化保存|原鄉建設,吳宗憲走訪宜蘭縣大同鄉部落時表示將推動原鄉建設與文化保存。,將原住民族文化保存與原鄉建設併列為政策方向。,推動原鄉建設。||推動文化保存。,公開報導未說明文化保存的對象、方法、預算或期程；應補候選人官方政策內容後再評估是否上架。,2026-05-10,吳宗憲、林國漳訪宜蘭大同鄉　提政見爭取原民支持,https://www.cna.com.tw/news/aloc/202605100054.aspx,新聞報導,2026-10-01,2026-10-01｜已依中選會登記名冊核對為宜蘭縣縣市長候選人；來源為候選人競選辦公室發布、中央社報導的主張。,,,,,宜蘭縣|縣市長|吳宗憲,待人工覆核,候選人身分與名冊相符；應追查官方網站完整政見頁或競選辦公室原始新聞稿。
research-mayor-yilan-lin-kuo-chang-20261001,宜蘭縣,縣市長,林國漳,民主進步黨,原住民族文化|傳統領域|族群參與,林國漳在宜蘭縣大同鄉主張尊重原住民族傳統領域土地權利，並落實族人參與機制。,以傳統領域土地權利及族人參與為原住民族治理與文化尊重的原則。,尊重原住民族傳統領域土地權利。||落實族人參與機制。,本筆涉及土地權利與族群治理，與文化治理具關聯但並非單一文化計畫；上架分類應由人工確認。,2026-05-10,吳宗憲、林國漳訪宜蘭大同鄉　提政見爭取原民支持,https://www.cna.com.tw/news/aloc/202605100054.aspx,新聞報導,2026-10-01,2026-10-01｜已依中選會登記名冊核對為宜蘭縣縣市長候選人；中央社報導具名載明候選人主張。,,,,,宜蘭縣|縣市長|林國漳,待人工覆核,候選人身分與名冊相符；建議以候選人官方原文補足傳統領域與參與機制的執行範圍。
research-mayor-nantou-wen-shih-cheng-20261001,南投縣,縣市長,温世政,民主進步黨,閱讀文化|公共圖書空間|青年回流,温世政的官方網站在「教育文化青年回流」政策中提出每個鄉鎮設置一間閱讀空間，並連結青年創業、技職教育與在地產業。,以在地閱讀空間作為教育文化與青年回流的公共基礎設施。,每個鄉鎮設置一間閱讀空間。||青年創業最高補助30萬元與導師陪伴制度。||強化技職教育與在地產業連結。,官方頁面摘要未提供閱讀空間的選址、館藏、營運人力與預算；待人工覆核時應向競選團隊索取細節。,2026-07-02,温世政｜温欸醫生縣長－教育文化青年回流,https://wen-shih-cheng.com.tw/,候選人官方網站,2026-10-01,2026-10-01｜已依中選會登記名冊核對為南投縣縣市長候選人；官方網站可見政策摘要，尚未取得完整條目頁。,,,,,南投縣|縣市長|温世政,待人工覆核,候選人身分與名冊相符；官方來源優先，但具體執行細節不足。
