tag,uses,categories,subcategory
文化觀光,40,文化觀光,
文化資產,29,文化資產,
原住民族文化,27,原住民族文化,
文化教育,23,文化教育,
地方文化,22,地方文化與社區營造,
文化場館,21,文化場館,
文化產業,19,文化產業與文創,
表演藝術,16,表演藝術,
客家文化,15,客家文化,
文化空間,15,文化空間與城市再生,
多元語言,12,語言與族群,
地方文史,11,地方文化與社區營造,
多元文化,8,語言與族群,
文化治理,8,文化治理與預算,
藝文活動,8,文化平權與參與,
地方創生,7,地方文化與社區營造,
文化活動,7,文化平權與參與,
族語傳承,6,原住民族文化,
傳統藝術,5,文化資產,
宗教文化,5,民俗節慶,
文化近用,5,文化平權與參與,
社區營造,5,地方文化與社區營造,
公共藝術,4,視覺藝術,
城市文化,4,文化空間與城市再生,
新住民文化,4,語言與族群,
社區文化,4,地方文化與社區營造,
傳統市場,3,地方文化與社區營造,
展演空間,3,文化場館,
展覽策展,3,視覺藝術,
影視文化,3,影視與流行音樂,
文化傳承,3,文化資產,
海洋文化,3,地方文化與社區營造,
舊城活化,3,文化空間與城市再生,
藝文資訊,3,文化平權與參與,
藝術教育,3,文化教育,
閱讀文化,3,閱讀與圖書館,
保存修復,2,文化資產,保存
公共安全,2,文化資產,保存
國際文化交流,2,國際與兩岸交流,
圖書館,2,閱讀與圖書館,
地方文化與社區營造,2,地方文化與社區營造,
城市再生,2,文化空間與城市再生,
多元族群文化,2,語言與族群,
客語,2,客家文化,
文化交流,2,國際與兩岸交流,
文化保存,2,文化資產,保存
文化健康,2,原住民族文化|高齡與世代共融,
文化參與,2,文化平權與參與,
文化平權,2,文化平權與參與,
文化旅遊,2,文化觀光,
文化科技,2,數位文化與科技,
文化與地方認同,2,地方文化與社區營造,
文化設施,2,文化場館,
文化預算,2,文化治理與預算,
歷史建築,2,文化資產,
法規,2,文化治理與預算,
產業文化,2,文化資產,
眷村文化,2,文化資產,
空間活化,2,文化空間與城市再生,
部落文化,2,原住民族文化,
音樂文化,2,表演藝術,
交通建設,1,不歸大類（保留細標籤）,
傳統建築,1,文化資產,
傳統知識,1,原住民族文化,
傳統祭儀,1,民俗節慶,
傳統領域,1,原住民族文化,
兒童藝文,1,文化教育,
公共參與,1,文化治理與預算,
公共圖書空間,1,閱讀與圖書館,
公民參與,1,文化治理與預算,
原鄉建設,1,原住民族文化|地方文化與社區營造,
國際交流,1,國際與兩岸交流,
圖書館與閱讀,1,閱讀與圖書館,
地方歷史,1,地方文化與社區營造,
地方發展,1,地方文化與社區營造,
地方記憶,1,地方文化與社區營造,
地方走讀,1,地方文化與社區營造|文化觀光,
城市規劃,1,文化空間與城市再生,
場地租借,1,文化場館,
多元族群,1,語言與族群,
宗教文化資產,1,文化資產,保存
客家文化資產,1,文化資產|客家文化,
客語傳承,1,客家文化,
戰爭記憶,1,文化資產,
投資,1,文化產業與文創,
數位文化,1,數位文化與科技,
文創,1,文化產業與文創,
文創產業,1,文化產業與文創,
文化商圈,1,文化空間與城市再生,
文化地景,1,文化資產,
文化場域,1,文化場館,
文化廊道,1,文化空間與城市再生,
文化扎根,1,文化教育,
文化生態,1,文化治理與預算,
文化產業與文創,1,文化產業與文創,
文化節慶,1,藝文節慶,
文化記憶,1,地方文化與社區營造,
文化資產保存,1,文化資產,保存
文化路徑,1,文化觀光,
文學,1,閱讀與圖書館,
新住民,1,語言與族群,
族群參與,1,語言與族群,
族語,1,原住民族文化,
林業文化,1,文化資產,
歷史文化,1,文化資產,
歷史街區,1,文化資產|文化空間與城市再生,
母語,1,語言與族群,
流行音樂,1,影視與流行音樂,
海女文化,1,地方文化與社區營造,
漁村文化,1,地方文化與社區營造,
漫畫文化,1,文化產業與文創,
社區藝文,1,地方文化與社區營造,
祭儀文化,1,民俗節慶,
私人產權,1,文化資產,保存
節慶與民俗文化,1,民俗節慶,
終身學習,1,文化教育,
聚落保存,1,文化資產,保存
聚落文化資產,1,文化資產,
舊城文化,1,文化空間與城市再生,
藝文團體,1,表演藝術,
藝文空間,1,文化場館,
藝文資源,1,文化平權與參與,
觀光文化,1,文化觀光,
語言文化,1,語言與族群,
軍事文化,1,文化資產,
鐵道文化,1,文化資產,
開發保存,1,文化資產,保存
閒置空間再利用,1,文化空間與城市再生,
閩南文化,1,語言與族群,
閱讀,1,閱讀與圖書館,
青年,1,青年,
青年回流,1,地方文化與社區營造|青年,
青年教育,1,文化教育|青年,
青年文化,1,青年,
青年藝術,1,青年,
青年返鄉,1,地方文化與社區營造|青年,
音樂,1,表演藝術,
音樂產業,1,影視與流行音樂|文化產業與文創,
高齡友善,1,高齡與世代共融,
高齡文化,1,高齡與世代共融,
宗教交流,0,國際與兩岸交流,
宗教觀光,0,文化觀光,
民俗節慶,0,民俗節慶,
民俗技藝,0,民俗節慶,
美術館,0,博物館與地方文化館|視覺藝術,
博物館,0,博物館與地方文化館,
地方文化館,0,博物館與地方文化館,
文學館,0,博物館與地方文化館|閱讀與圖書館,
